Timestamp,Discovery Scan ID,Correlation ID,Discovery Success Rate,Telemetry Success Rate,RSSI Success Rate,Signal Quality Success Rate,Database Success Rate,REST Success Rate,Frontend Success Rate,Pipeline Success Rate,Average Discovery Time,Average Response Time,Average RSSI,Average Signal Quality,Average Latency,Total Devices,Online Devices,Offline Devices,Total Missing Fields,Missing Percentage,Top Missing Field,Top Failed Device,Top Failed Layer,Database Null Overwrites,Database Rollbacks,REST Null Fields,REST Missing Fields,Frontend Null Values,Frontend Chart Errors,Frontend Timeline Errors,Overall Health Score,Likely Root Cause,Priority,Suggested Investigation Layer,Confidence Score
2026-07-29T06:36:59.726544+00:00,9e10095d-5852-43ac-a234-37e699f7b9c9,9e10095d-5852-43ac-a234-37e699f7b9c9,100.0,100.0,100.0,100.0,100.0,0.0,100.0,75.0,5151.3214111328125,0.77,-52.333333333333336,N/A,N/A,3,3,0,0,0.0,N/A,N/A,N/A,0,0,0,0,0,0,0,82.5,No significant issues detected,LOW,None,95
2026-07-29T06:37:06.067580+00:00,b8655dbc-5bec-4ebb-8b7a-0ae9ac86faa3,b8655dbc-5bec-4ebb-8b7a-0ae9ac86faa3,100.0,42.11,100.0,100.0,100.0,0.0,0.0,35.53,5339.815378189087,0.5,-53.0,N/A,N/A,3,3,0,33,57.89,Manufacturer,0E:81:49:3E:D5:01,Discovery Worker,0,0,378,0,0,3,0,54.9,Router adapter not providing Manufacturer,CRITICAL,Router Adapter,90
2026-07-29T06:37:12.314743+00:00,418a300a-b87e-4fe2-a2bb-0c8d6be1f8bc,418a300a-b87e-4fe2-a2bb-0c8d6be1f8bc,100.0,42.11,100.0,100.0,100.0,0.0,0.0,35.53,5246.181488037109,0.47,-51.0,N/A,N/A,3,3,0,66,57.89,Manufacturer,0E:81:49:3E:D5:01,Discovery Worker,0,0,810,0,0,6,0,54.9,Router adapter not providing Manufacturer,CRITICAL,Router Adapter,90
2026-07-29T06:37:18.589722+00:00,8c8bbb6d-7f24-4f17-a90b-8b204537a2f4,8c8bbb6d-7f24-4f17-a90b-8b204537a2f4,100.0,42.11,100.0,100.0,100.0,0.0,0.0,35.53,5273.975610733032,0.47,-50.666666666666664,N/A,N/A,3,3,0,99,57.89,Manufacturer,0E:81:49:3E:D5:01,Discovery Worker,0,0,810,0,0,9,0,54.9,Router adapter not providing Manufacturer,CRITICAL,Router Adapter,90
2026-07-29T06:37:24.690425+00:00,49d5d923-56f6-45b7-9819-89aadbe4d243,49d5d923-56f6-45b7-9819-89aadbe4d243,100.0,42.11,100.0,100.0,100.0,0.0,0.0,35.53,5099.210023880005,0.48,-51.0,N/A,N/A,3,3,0,132,57.89,Manufacturer,0E:81:49:3E:D5:01,Discovery Worker,0,0,1188,0,0,12,0,54.9,Router adapter not providing Manufacturer,CRITICAL,Router Adapter,90
2026-07-29T06:37:30.945830+00:00,07482a38-560e-4bcb-9977-d773c2e48ce1,07482a38-560e-4bcb-9977-d773c2e48ce1,100.0,42.11,100.0,100.0,100.0,0.0,0.0,35.53,5254.329204559326,0.48,-51.333333333333336,N/A,N/A,3,3,0,165,57.89,Manufacturer,0E:81:49:3E:D5:01,Discovery Worker,0,0,1539,0,0,15,0,54.9,Router adapter not providing Manufacturer,CRITICAL,Router Adapter,90
2026-07-29T06:37:37.194347+00:00,6dee433a-febe-4440-8384-bbc81b1c8a37,6dee433a-febe-4440-8384-bbc81b1c8a37,100.0,42.11,100.0,100.0,100.0,0.0,0.0,35.53,5247.419834136963,0.47,-51.666666666666664,N/A,N/A,3,3,0,198,57.89,Manufacturer,0E:81:49:3E:D5:01,Discovery Worker,0,0,1701,0,0,18,0,54.9,Router adapter not providing Manufacturer,CRITICAL,Router Adapter,90
2026-07-29T06:37:43.845937+00:00,f84af96b-e4b2-4514-aa97-92fdc02682cb,f84af96b-e4b2-4514-aa97-92fdc02682cb,100.0,42.11,100.0,100.0,100.0,0.0,0.0,35.53,5643.071889877319,0.47,-52.666666666666664,N/A,N/A,3,3,0,231,57.89,Manufacturer,0E:81:49:3E:D5:01,Discovery Worker,0,0,1863,0,0,21,0,54.9,Router adapter not providing Manufacturer,CRITICAL,Router Adapter,90
2026-07-29T06:37:49.944157+00:00,e16eec45-bb49-4e8f-ae7e-163e2429a9ad,e16eec45-bb49-4e8f-ae7e-163e2429a9ad,100.0,42.11,100.0,100.0,100.0,0.0,0.0,35.53,5097.930908203125,0.46,-52.333333333333336,N/A,N/A,3,3,0,264,57.89,Manufacturer,0E:81:49:3E:D5:01,Discovery Worker,0,0,2025,0,0,24,0,54.9,Router adapter not providing Manufacturer,CRITICAL,Router Adapter,90
2026-07-29T06:37:56.064459+00:00,7ff01c79-3f94-4185-8ff5-7cebff32a482,7ff01c79-3f94-4185-8ff5-7cebff32a482,100.0,42.11,100.0,100.0,100.0,0.0,0.0,35.53,5119.627952575684,0.45,-51.0,N/A,N/A,3,3,0,297,57.89,Manufacturer,0E:81:49:3E:D5:01,Discovery Worker,0,0,2214,0,0,27,0,54.9,Router adapter not providing Manufacturer,CRITICAL,Router Adapter,90
2026-07-29T06:38:02.217731+00:00,89428c36-276f-4985-9bbf-446f24009039,89428c36-276f-4985-9bbf-446f24009039,100.0,42.11,100.0,100.0,100.0,0.0,0.0,35.53,5152.040958404541,0.44,-52.666666666666664,N/A,N/A,3,3,0,330,57.89,Manufacturer,0E:81:49:3E:D5:01,Discovery Worker,0,0,2376,0,0,30,0,54.9,Router adapter not providing Manufacturer,CRITICAL,Router Adapter,90
2026-07-29T06:38:08.308989+00:00,9c5e0694-5bc8-4cc8-b3c7-76087ae7e0e7,9c5e0694-5bc8-4cc8-b3c7-76087ae7e0e7,100.0,42.11,100.0,100.0,100.0,0.0,0.0,35.53,5090.5468463897705,0.44,-53.666666666666664,N/A,N/A,3,3,0,363,57.89,Manufacturer,0E:81:49:3E:D5:01,Discovery Worker,0,0,2538,0,0,33,0,54.9,Router adapter not providing Manufacturer,CRITICAL,Router Adapter,90
2026-07-29T06:38:14.634626+00:00,f3a7b3be-701d-4618-88b9-15d6a204a568,f3a7b3be-701d-4618-88b9-15d6a204a568,100.0,42.11,100.0,100.0,100.0,0.0,0.0,35.53,5324.660778045654,0.44,-53.0,N/A,N/A,3,3,0,396,57.89,Manufacturer,0E:81:49:3E:D5:01,Discovery Worker,0,0,2700,0,0,36,0,54.9,Router adapter not providing Manufacturer,CRITICAL,Router Adapter,90
2026-07-29T06:38:20.814077+00:00,b71ac0ba-46ec-41c3-8de1-d8d436ae8a31,b71ac0ba-46ec-41c3-8de1-d8d436ae8a31,100.0,42.11,100.0,100.0,100.0,0.0,0.0,35.53,5178.641557693481,0.43,-53.0,N/A,N/A,3,3,0,429,57.89,Manufacturer,0E:81:49:3E:D5:01,Discovery Worker,0,0,2862,0,0,39,0,54.9,Router adapter not providing Manufacturer,CRITICAL,Router Adapter,90
2026-07-29T06:38:26.957419+00:00,819c327c-bd2a-453f-aaa8-5f1f9da43184,819c327c-bd2a-453f-aaa8-5f1f9da43184,100.0,42.11,100.0,100.0,100.0,0.0,0.0,35.53,5142.813920974731,0.43,-52.333333333333336,N/A,N/A,3,3,0,462,57.89,Manufacturer,0E:81:49:3E:D5:01,Discovery Worker,0,0,3024,0,0,42,0,54.9,Router adapter not providing Manufacturer,CRITICAL,Router Adapter,90
2026-07-29T06:38:33.309324+00:00,eda7cd84-eb8c-4d9a-be75-304742d65504,eda7cd84-eb8c-4d9a-be75-304742d65504,100.0,42.11,100.0,100.0,100.0,0.0,0.0,35.53,5351.010084152222,0.43,-52.666666666666664,N/A,N/A,3,3,0,495,57.89,Manufacturer,0E:81:49:3E:D5:01,Discovery Worker,0,0,3213,0,0,45,0,54.9,Router adapter not providing Manufacturer,CRITICAL,Router Adapter,90
2026-07-29T06:38:39.560969+00:00,69590387-face-4fc1-a881-548dcbb257ff,69590387-face-4fc1-a881-548dcbb257ff,100.0,42.11,100.0,100.0,100.0,0.0,0.0,35.53,5250.939607620239,0.42,-53.666666666666664,N/A,N/A,3,3,0,528,57.89,Manufacturer,0E:81:49:3E:D5:01,Discovery Worker,0,0,3375,0,0,48,0,54.9,Router adapter not providing Manufacturer,CRITICAL,Router Adapter,90
2026-07-29T06:38:45.902810+00:00,9293f0cf-6586-413a-be12-063584b68205,9293f0cf-6586-413a-be12-063584b68205,100.0,42.11,100.0,100.0,100.0,0.0,0.0,35.53,5341.238737106323,0.42,-53.0,N/A,N/A,3,3,0,561,57.89,Manufacturer,0E:81:49:3E:D5:01,Discovery Worker,0,0,3537,0,0,51,0,54.9,Router adapter not providing Manufacturer,CRITICAL,Router Adapter,90
2026-07-29T06:38:52.169491+00:00,a3b49667-80a5-4afe-aeb2-a2f03acf64cd,a3b49667-80a5-4afe-aeb2-a2f03acf64cd,100.0,42.11,100.0,100.0,100.0,0.0,0.0,35.53,5242.917776107788,0.42,-53.666666666666664,N/A,N/A,3,3,0,594,57.89,Manufacturer,0E:81:49:3E:D5:01,Discovery Worker,0,0,3699,0,0,54,0,54.9,Router adapter not providing Manufacturer,CRITICAL,Router Adapter,90
2026-07-29T06:38:58.498826+00:00,150c7d55-b38d-46a3-943a-510f20f99f50,150c7d55-b38d-46a3-943a-510f20f99f50,100.0,42.11,100.0,100.0,100.0,0.0,0.0,35.53,5328.1073570251465,0.42,-53.666666666666664,N/A,N/A,3,3,0,627,57.89,Manufacturer,0E:81:49:3E:D5:01,Discovery Worker,0,0,4104,0,0,57,0,54.9,Router adapter not providing Manufacturer,CRITICAL,Router Adapter,90
2026-07-29T06:39:04.745442+00:00,90533ad3-1a93-4815-8281-031e6cc6b94d,90533ad3-1a93-4815-8281-031e6cc6b94d,100.0,42.11,100.0,100.0,100.0,0.0,0.0,35.53,5245.606422424316,0.42,-53.0,N/A,N/A,3,3,0,660,57.89,Manufacturer,0E:81:49:3E:D5:01,Discovery Worker,0,0,4428,0,0,60,0,54.9,Router adapter not providing Manufacturer,CRITICAL,Router Adapter,90
2026-07-29T06:39:10.997375+00:00,27e5c9ff-40f9-4429-9a21-455ce12c5475,27e5c9ff-40f9-4429-9a21-455ce12c5475,100.0,42.11,100.0,100.0,100.0,0.0,0.0,35.53,5250.552415847778,0.42,-52.666666666666664,N/A,N/A,3,3,0,693,57.89,Manufacturer,0E:81:49:3E:D5:01,Discovery Worker,0,0,4752,0,0,63,0,54.9,Router adapter not providing Manufacturer,CRITICAL,Router Adapter,90
2026-07-29T06:39:17.356041+00:00,d109fe10-f8ce-420c-96f9-09c595e2b22d,d109fe10-f8ce-420c-96f9-09c595e2b22d,100.0,42.11,100.0,100.0,100.0,0.0,0.0,35.53,5357.15389251709,0.42,-52.333333333333336,N/A,N/A,3,3,0,726,57.89,Manufacturer,0E:81:49:3E:D5:01,Discovery Worker,0,0,5130,0,0,66,0,54.9,Router adapter not providing Manufacturer,CRITICAL,Router Adapter,90
2026-07-29T06:39:23.585780+00:00,ad16916a-f593-4666-9b84-456b3058144c,ad16916a-f593-4666-9b84-456b3058144c,100.0,42.11,100.0,100.0,100.0,0.0,0.0,35.53,5202.803134918213,0.42,-51.333333333333336,N/A,N/A,3,3,0,759,57.89,Manufacturer,0E:81:49:3E:D5:01,Discovery Worker,0,0,5454,0,0,69,0,54.9,Router adapter not providing Manufacturer,CRITICAL,Router Adapter,90
2026-07-29T06:39:29.762799+00:00,2e32e29a-21e1-4a6b-949e-a066a7a374f5,2e32e29a-21e1-4a6b-949e-a066a7a374f5,100.0,42.11,100.0,100.0,100.0,0.0,0.0,35.53,5151.51047706604,0.42,-52.666666666666664,N/A,N/A,3,3,0,792,57.89,Manufacturer,0E:81:49:3E:D5:01,Discovery Worker,0,0,5778,0,0,72,0,54.9,Router adapter not providing Manufacturer,CRITICAL,Router Adapter,90
2026-07-29T06:39:35.863323+00:00,8aad54f8-303a-471b-99d2-fb6cb5d6e747,8aad54f8-303a-471b-99d2-fb6cb5d6e747,100.0,42.11,100.0,100.0,100.0,0.0,0.0,35.53,5099.888563156128,0.42,-51.0,N/A,N/A,3,3,0,825,57.89,Manufacturer,0E:81:49:3E:D5:01,Discovery Worker,0,0,6102,0,0,75,0,54.9,Router adapter not providing Manufacturer,CRITICAL,Router Adapter,90
2026-07-29T06:39:42.122373+00:00,1d065d98-b652-4168-8167-08cea868b6db,1d065d98-b652-4168-8167-08cea868b6db,100.0,42.11,100.0,100.0,100.0,0.0,0.0,35.53,5258.59808921814,0.42,-54.666666666666664,N/A,N/A,3,3,0,858,57.89,Manufacturer,0E:81:49:3E:D5:01,Discovery Worker,0,0,6426,0,0,78,0,54.9,Router adapter not providing Manufacturer,CRITICAL,Router Adapter,90
2026-07-29T06:39:48.423023+00:00,f7cddb42-a56b-4577-89ef-f0a7d79ef963,f7cddb42-a56b-4577-89ef-f0a7d79ef963,100.0,42.11,100.0,100.0,100.0,0.0,0.0,35.53,5299.239873886108,0.42,-50.0,N/A,N/A,3,3,0,891,57.89,Manufacturer,0E:81:49:3E:D5:01,Discovery Worker,0,0,6804,0,0,81,0,54.9,Router adapter not providing Manufacturer,CRITICAL,Router Adapter,90
2026-07-29T06:39:54.537845+00:00,da8bdafb-43d3-4fe2-8345-96ac068d3989,da8bdafb-43d3-4fe2-8345-96ac068d3989,100.0,42.11,100.0,100.0,100.0,0.0,0.0,35.53,5114.083290100098,0.42,-52.333333333333336,N/A,N/A,3,3,0,924,57.89,Manufacturer,0E:81:49:3E:D5:01,Discovery Worker,0,0,7128,0,0,84,0,54.9,Router adapter not providing Manufacturer,CRITICAL,Router Adapter,90
2026-07-29T06:40:00.967212+00:00,23f2b794-4a2a-4281-9554-da01f3579c9b,23f2b794-4a2a-4281-9554-da01f3579c9b,100.0,42.11,100.0,100.0,100.0,0.0,0.0,35.53,5410.011768341064,0.41,-51.666666666666664,N/A,N/A,3,3,0,957,57.89,Manufacturer,0E:81:49:3E:D5:01,Discovery Worker,0,0,7236,0,0,87,0,54.9,Router adapter not providing Manufacturer,CRITICAL,Router Adapter,90
2026-07-29T06:40:07.091779+00:00,2cc89357-8a01-4c63-856c-dd1381801b67,2cc89357-8a01-4c63-856c-dd1381801b67,100.0,42.11,100.0,100.0,100.0,0.0,0.0,35.53,5124.652624130249,0.41,-51.0,N/A,N/A,3,3,0,990,57.89,Manufacturer,0E:81:49:3E:D5:01,Discovery Worker,0,0,7236,0,0,87,0,54.9,Router adapter not providing Manufacturer,CRITICAL,Router Adapter,90
2026-07-29T06:40:13.224549+00:00,c3705e4d-a626-41da-91a5-fe1cefee6526,c3705e4d-a626-41da-91a5-fe1cefee6526,100.0,42.11,100.0,100.0,100.0,0.0,0.0,35.53,5132.388353347778,0.41,-51.666666666666664,N/A,N/A,3,3,0,1023,57.89,Manufacturer,0E:81:49:3E:D5:01,Discovery Worker,0,0,7236,0,0,87,0,54.9,Router adapter not providing Manufacturer,CRITICAL,Router Adapter,90
2026-07-29T06:40:19.394903+00:00,0e260297-dde4-49be-ac08-e425b609e385,0e260297-dde4-49be-ac08-e425b609e385,100.0,42.11,100.0,100.0,100.0,0.0,0.0,35.53,5169.152021408081,0.41,-51.333333333333336,N/A,N/A,3,3,0,1056,57.89,Manufacturer,0E:81:49:3E:D5:01,Discovery Worker,0,0,7236,0,0,87,0,54.9,Router adapter not providing Manufacturer,CRITICAL,Router Adapter,90
2026-07-29T06:40:25.536808+00:00,0a348c50-1308-43fd-a5a5-7b84aa75f291,0a348c50-1308-43fd-a5a5-7b84aa75f291,100.0,42.11,100.0,100.0,100.0,0.0,0.0,35.53,5140.96736907959,0.41,-51.0,N/A,N/A,3,3,0,1089,57.89,Manufacturer,0E:81:49:3E:D5:01,Discovery Worker,0,0,7236,0,0,87,0,54.9,Router adapter not providing Manufacturer,CRITICAL,Router Adapter,90
2026-07-29T06:40:31.722621+00:00,9e24bb0a-1025-49c0-b0dc-d91d2e2911fa,9e24bb0a-1025-49c0-b0dc-d91d2e2911fa,100.0,42.11,100.0,100.0,100.0,0.0,0.0,35.53,5185.511589050293,0.41,-52.666666666666664,N/A,N/A,3,3,0,1122,57.89,Manufacturer,0E:81:49:3E:D5:01,Discovery Worker,0,0,7236,0,0,87,0,54.9,Router adapter not providing Manufacturer,CRITICAL,Router Adapter,90
2026-07-29T06:40:37.822913+00:00,38d19fa5-ed9c-46e4-b1be-0828f521445e,38d19fa5-ed9c-46e4-b1be-0828f521445e,100.0,42.11,100.0,100.0,100.0,0.0,0.0,35.53,5099.176406860352,0.41,-50.0,N/A,N/A,3,3,0,1155,57.89,Manufacturer,0E:81:49:3E:D5:01,Discovery Worker,0,0,7236,0,0,87,0,54.9,Router adapter not providing Manufacturer,CRITICAL,Router Adapter,90
2026-07-29T06:40:43.994708+00:00,e4f97aab-d434-4e69-ae3b-435ab76586d4,e4f97aab-d434-4e69-ae3b-435ab76586d4,100.0,42.11,100.0,100.0,100.0,0.0,0.0,35.53,5171.238422393799,0.41,-50.0,N/A,N/A,3,3,0,1188,57.89,Manufacturer,0E:81:49:3E:D5:01,Discovery Worker,0,0,7236,0,0,87,0,54.9,Router adapter not providing Manufacturer,CRITICAL,Router Adapter,90
2026-07-29T06:40:50.218596+00:00,8e58a226-2be1-495b-9afc-bccb7d8180cc,8e58a226-2be1-495b-9afc-bccb7d8180cc,100.0,42.11,100.0,100.0,100.0,0.0,0.0,35.53,5223.0260372161865,0.41,-50.666666666666664,N/A,N/A,3,3,0,1221,57.89,Manufacturer,0E:81:49:3E:D5:01,Discovery Worker,0,0,7236,0,0,87,0,54.9,Router adapter not providing Manufacturer,CRITICAL,Router Adapter,90
2026-07-29T06:40:56.594770+00:00,b71cc91c-8773-4634-aac3-79e720f446aa,b71cc91c-8773-4634-aac3-79e720f446aa,100.0,42.11,100.0,100.0,100.0,0.0,0.0,35.53,5375.036716461182,0.41,-51.0,N/A,N/A,3,3,0,1254,57.89,Manufacturer,0E:81:49:3E:D5:01,Discovery Worker,0,0,7236,0,0,87,0,54.9,Router adapter not providing Manufacturer,CRITICAL,Router Adapter,90
2026-07-29T06:41:02.917678+00:00,2d53db95-9221-420a-8167-0803579767b1,2d53db95-9221-420a-8167-0803579767b1,100.0,42.11,100.0,100.0,100.0,0.0,0.0,35.53,5322.218179702759,0.41,-52.0,N/A,N/A,3,3,0,1287,57.89,Manufacturer,0E:81:49:3E:D5:01,Discovery Worker,0,0,7236,0,0,87,0,54.9,Router adapter not providing Manufacturer,CRITICAL,Router Adapter,90
2026-07-29T06:41:09.337335+00:00,89c9509b-6a89-47f6-acd7-211b56988491,89c9509b-6a89-47f6-acd7-211b56988491,100.0,42.11,100.0,100.0,100.0,0.0,0.0,35.53,5418.79415512085,0.41,-51.333333333333336,N/A,N/A,3,3,0,1320,57.89,Manufacturer,0E:81:49:3E:D5:01,Discovery Worker,0,0,7236,0,0,87,0,54.9,Router adapter not providing Manufacturer,CRITICAL,Router Adapter,90
2026-07-29T06:41:15.508677+00:00,01ca565f-0c45-423f-8651-7400277a0c54,01ca565f-0c45-423f-8651-7400277a0c54,100.0,42.11,100.0,100.0,100.0,0.0,0.0,35.53,5156.605243682861,0.41,-50.666666666666664,N/A,N/A,3,3,0,1353,57.89,Manufacturer,0E:81:49:3E:D5:01,Discovery Worker,0,0,7236,0,0,87,0,54.9,Router adapter not providing Manufacturer,CRITICAL,Router Adapter,90
2026-07-29T06:41:21.666542+00:00,0bc438dd-a14d-47bb-8ec5-033b985a8314,0bc438dd-a14d-47bb-8ec5-033b985a8314,100.0,42.11,100.0,100.0,100.0,0.0,0.0,35.53,5156.852960586548,0.41,-50.666666666666664,N/A,N/A,3,3,0,1386,57.89,Manufacturer,0E:81:49:3E:D5:01,Discovery Worker,0,0,7236,0,0,87,0,54.9,Router adapter not providing Manufacturer,CRITICAL,Router Adapter,90
2026-07-29T06:41:27.918513+00:00,87bc14bb-acb6-40ba-8e43-d4a10aea7542,87bc14bb-acb6-40ba-8e43-d4a10aea7542,100.0,42.11,100.0,100.0,100.0,0.0,0.0,35.53,5251.233816146851,0.41,-50.666666666666664,N/A,N/A,3,3,0,1419,57.89,Manufacturer,0E:81:49:3E:D5:01,Discovery Worker,0,0,7236,0,0,87,0,54.9,Router adapter not providing Manufacturer,CRITICAL,Router Adapter,90
2026-07-29T06:41:34.153352+00:00,4acfd485-af53-40f2-aebc-b2f9890bc73e,4acfd485-af53-40f2-aebc-b2f9890bc73e,100.0,42.11,100.0,100.0,100.0,0.0,0.0,35.53,5233.182191848755,0.41,-51.666666666666664,N/A,N/A,3,3,0,1452,57.89,Manufacturer,0E:81:49:3E:D5:01,Discovery Worker,0,0,7236,0,0,87,0,54.9,Router adapter not providing Manufacturer,CRITICAL,Router Adapter,90
2026-07-29T06:41:40.409100+00:00,f4b681e0-39ff-4749-862d-76b2e0d421cc,f4b681e0-39ff-4749-862d-76b2e0d421cc,100.0,42.11,100.0,100.0,100.0,0.0,0.0,35.53,5233.819007873535,0.41,-51.0,N/A,N/A,3,3,0,1485,57.89,Manufacturer,0E:81:49:3E:D5:01,Discovery Worker,0,0,7236,0,0,87,0,54.9,Router adapter not providing Manufacturer,CRITICAL,Router Adapter,90
2026-07-29T06:41:46.670102+00:00,89fcc742-e06c-48de-ba4d-7761c673966f,89fcc742-e06c-48de-ba4d-7761c673966f,100.0,42.11,100.0,100.0,100.0,0.0,0.0,35.53,5260.10799407959,0.41,-50.666666666666664,N/A,N/A,3,3,0,1518,57.89,Manufacturer,0E:81:49:3E:D5:01,Discovery Worker,0,0,7236,0,0,87,0,54.9,Router adapter not providing Manufacturer,CRITICAL,Router Adapter,90
2026-07-29T06:41:53.087682+00:00,860d9dc0-831c-4e80-a83f-994fa63d4408,860d9dc0-831c-4e80-a83f-994fa63d4408,100.0,42.11,100.0,100.0,100.0,0.0,0.0,35.53,5417.121887207031,0.41,-51.333333333333336,N/A,N/A,3,3,0,1551,57.89,Manufacturer,0E:81:49:3E:D5:01,Discovery Worker,0,0,7236,0,0,87,0,54.9,Router adapter not providing Manufacturer,CRITICAL,Router Adapter,90
2026-07-29T06:41:59.513322+00:00,6737793a-0f2f-4bb3-baf9-97d9dd0b42b7,6737793a-0f2f-4bb3-baf9-97d9dd0b42b7,100.0,42.11,100.0,100.0,100.0,0.0,0.0,35.53,5425.115346908569,0.41,-50.666666666666664,N/A,N/A,3,3,0,1584,57.89,Manufacturer,0E:81:49:3E:D5:01,Discovery Worker,0,0,7236,0,0,87,0,54.9,Router adapter not providing Manufacturer,CRITICAL,Router Adapter,90
2026-07-29T06:42:05.698451+00:00,80329ede-166f-42ee-a25f-de336088451f,80329ede-166f-42ee-a25f-de336088451f,100.0,42.11,100.0,100.0,100.0,0.0,0.0,35.53,5184.660196304321,0.41,-50.0,N/A,N/A,3,3,0,1617,57.89,Manufacturer,0E:81:49:3E:D5:01,Discovery Worker,0,0,7236,0,0,87,0,54.9,Router adapter not providing Manufacturer,CRITICAL,Router Adapter,90
2026-07-29T06:42:11.976292+00:00,26827df3-8df5-4d66-abc8-673eda61513d,26827df3-8df5-4d66-abc8-673eda61513d,100.0,42.11,100.0,100.0,100.0,0.0,0.0,35.53,5277.138710021973,0.41,-50.0,N/A,N/A,3,3,0,1650,57.89,Manufacturer,0E:81:49:3E:D5:01,Discovery Worker,0,0,7236,0,0,87,0,54.9,Router adapter not providing Manufacturer,CRITICAL,Router Adapter,90
2026-07-29T06:42:18.174486+00:00,0584d40e-a683-4c30-b582-ff673206baff,0584d40e-a683-4c30-b582-ff673206baff,100.0,42.11,100.0,100.0,100.0,0.0,0.0,35.53,5197.754859924316,0.41,-50.666666666666664,N/A,N/A,3,3,0,1683,57.89,Manufacturer,0E:81:49:3E:D5:01,Discovery Worker,0,0,7236,0,0,87,0,54.9,Router adapter not providing Manufacturer,CRITICAL,Router Adapter,90
2026-07-29T06:42:24.349150+00:00,0a9e3071-a3b1-4cb8-9f2a-6e6690f58147,0a9e3071-a3b1-4cb8-9f2a-6e6690f58147,100.0,42.11,100.0,100.0,100.0,0.0,0.0,35.53,5173.827648162842,0.41,-50.666666666666664,N/A,N/A,3,3,0,1716,57.89,Manufacturer,0E:81:49:3E:D5:01,Discovery Worker,0,0,7236,0,0,87,0,54.9,Router adapter not providing Manufacturer,CRITICAL,Router Adapter,90
2026-07-29T06:42:33.036608+00:00,88603f3c-5ba1-45d1-b676-7c1b90356daa,88603f3c-5ba1-45d1-b676-7c1b90356daa,100.0,42.11,100.0,100.0,100.0,0.0,0.0,35.53,7686.734676361084,0.41,-50.0,N/A,N/A,3,3,0,1749,57.89,Manufacturer,0E:81:49:3E:D5:01,Discovery Worker,0,0,7236,0,0,87,0,54.9,Router adapter not providing Manufacturer,CRITICAL,Router Adapter,90
2026-07-29T06:42:39.275186+00:00,710e9774-84f7-40ce-8309-6aa7d73c4ebc,710e9774-84f7-40ce-8309-6aa7d73c4ebc,100.0,42.11,100.0,100.0,100.0,0.0,0.0,35.53,5237.383842468262,0.41,-50.0,N/A,N/A,3,3,0,1782,57.89,Manufacturer,0E:81:49:3E:D5:01,Discovery Worker,0,0,7236,0,0,87,0,54.9,Router adapter not providing Manufacturer,CRITICAL,Router Adapter,90
2026-07-29T06:42:45.414552+00:00,68e87f67-37a0-4913-a433-196416ae0b0f,68e87f67-37a0-4913-a433-196416ae0b0f,100.0,42.11,100.0,100.0,100.0,0.0,0.0,35.53,5139.314413070679,0.41,-51.0,N/A,N/A,3,3,0,1815,57.89,Manufacturer,0E:81:49:3E:D5:01,Discovery Worker,0,0,7236,0,0,87,0,54.9,Router adapter not providing Manufacturer,CRITICAL,Router Adapter,90
2026-07-29T06:42:51.654281+00:00,2f26f0e4-756e-4cd9-932d-cf61605dd63b,2f26f0e4-756e-4cd9-932d-cf61605dd63b,100.0,42.11,100.0,100.0,100.0,0.0,0.0,35.53,5238.754987716675,0.41,-50.666666666666664,N/A,N/A,3,3,0,1848,57.89,Manufacturer,0E:81:49:3E:D5:01,Discovery Worker,0,0,7236,0,0,87,0,54.9,Router adapter not providing Manufacturer,CRITICAL,Router Adapter,90
2026-07-29T06:42:57.803541+00:00,55f8419d-5d57-468e-8583-38c32d6a203e,55f8419d-5d57-468e-8583-38c32d6a203e,100.0,42.11,100.0,100.0,100.0,0.0,0.0,35.53,5148.5960483551025,0.41,-50.666666666666664,N/A,N/A,3,3,0,1881,57.89,Manufacturer,0E:81:49:3E:D5:01,Discovery Worker,0,0,7236,0,0,87,0,54.9,Router adapter not providing Manufacturer,CRITICAL,Router Adapter,90
2026-07-29T06:43:04.083740+00:00,9b0a06aa-7a75-4b42-af2d-271d84de6f1b,9b0a06aa-7a75-4b42-af2d-271d84de6f1b,100.0,42.11,100.0,100.0,100.0,0.0,0.0,35.53,5279.105186462402,0.41,-50.666666666666664,N/A,N/A,3,3,0,1914,57.89,Manufacturer,0E:81:49:3E:D5:01,Discovery Worker,0,0,7236,0,0,87,0,54.9,Router adapter not providing Manufacturer,CRITICAL,Router Adapter,90
2026-07-29T06:43:10.302587+00:00,c2ef967f-c438-4cad-aaa2-7c0769cd5f23,c2ef967f-c438-4cad-aaa2-7c0769cd5f23,100.0,42.11,100.0,100.0,100.0,0.0,0.0,35.53,5217.431545257568,0.41,-50.666666666666664,N/A,N/A,3,3,0,1947,57.89,Manufacturer,0E:81:49:3E:D5:01,Discovery Worker,0,0,7236,0,0,87,0,54.9,Router adapter not providing Manufacturer,CRITICAL,Router Adapter,90
2026-07-29T06:43:16.454809+00:00,03c45928-7edc-44a7-b416-4bddb7f40853,03c45928-7edc-44a7-b416-4bddb7f40853,100.0,42.11,100.0,100.0,100.0,0.0,0.0,35.53,5151.423215866089,0.41,-50.0,N/A,N/A,3,3,0,1980,57.89,Manufacturer,0E:81:49:3E:D5:01,Discovery Worker,0,0,7236,0,0,87,0,54.9,Router adapter not providing Manufacturer,CRITICAL,Router Adapter,90
2026-07-29T06:43:22.707922+00:00,4084dda5-b453-46e9-825a-0a7b71e0bef0,4084dda5-b453-46e9-825a-0a7b71e0bef0,100.0,42.11,100.0,100.0,100.0,0.0,0.0,35.53,5252.584457397461,0.41,-50.0,N/A,N/A,3,3,0,2013,57.89,Manufacturer,0E:81:49:3E:D5:01,Discovery Worker,0,0,7236,0,0,87,0,54.9,Router adapter not providing Manufacturer,CRITICAL,Router Adapter,90
2026-07-29T06:43:28.934903+00:00,86ae49d0-adbb-43b0-8e09-77609e388d8f,86ae49d0-adbb-43b0-8e09-77609e388d8f,100.0,42.11,100.0,100.0,100.0,0.0,0.0,35.53,5226.658821105957,0.41,-51.0,N/A,N/A,3,3,0,2046,57.89,Manufacturer,0E:81:49:3E:D5:01,Discovery Worker,0,0,7236,0,0,87,0,54.9,Router adapter not providing Manufacturer,CRITICAL,Router Adapter,90
2026-07-29T06:43:35.089660+00:00,ee9f1427-fcb7-4072-be31-c0fe6daba241,ee9f1427-fcb7-4072-be31-c0fe6daba241,100.0,42.11,100.0,100.0,100.0,0.0,0.0,35.53,5154.011964797974,0.41,-50.666666666666664,N/A,N/A,3,3,0,2079,57.89,Manufacturer,0E:81:49:3E:D5:01,Discovery Worker,0,0,7236,0,0,87,0,54.9,Router adapter not providing Manufacturer,CRITICAL,Router Adapter,90
2026-07-29T06:43:41.431814+00:00,f624589f-7149-45e8-83db-25f0a7262d2a,f624589f-7149-45e8-83db-25f0a7262d2a,100.0,42.11,100.0,100.0,100.0,0.0,0.0,35.53,5340.883493423462,0.41,-51.333333333333336,N/A,N/A,3,3,0,2112,57.89,Manufacturer,0E:81:49:3E:D5:01,Discovery Worker,0,0,7236,0,0,87,0,54.9,Router adapter not providing Manufacturer,CRITICAL,Router Adapter,90
2026-07-29T06:43:47.604462+00:00,a7ca0f2c-ca66-4d8b-96a1-b480d92b4f1e,a7ca0f2c-ca66-4d8b-96a1-b480d92b4f1e,100.0,42.11,100.0,100.0,100.0,0.0,0.0,35.53,5171.595335006714,0.41,-50.666666666666664,N/A,N/A,3,3,0,2145,57.89,Manufacturer,0E:81:49:3E:D5:01,Discovery Worker,0,0,7236,0,0,87,0,54.9,Router adapter not providing Manufacturer,CRITICAL,Router Adapter,90
2026-07-29T06:43:53.816697+00:00,f130116d-751c-46ac-b479-abc05e046de5,f130116d-751c-46ac-b479-abc05e046de5,100.0,42.11,100.0,100.0,100.0,0.0,0.0,35.53,5210.410833358765,0.41,-52.333333333333336,N/A,N/A,3,3,0,2178,57.89,Manufacturer,0E:81:49:3E:D5:01,Discovery Worker,0,0,7236,0,0,87,0,54.9,Router adapter not providing Manufacturer,CRITICAL,Router Adapter,90
2026-07-29T06:43:59.973870+00:00,9c5c441f-95d1-4fe3-8599-5e624764ad10,9c5c441f-95d1-4fe3-8599-5e624764ad10,100.0,42.11,100.0,100.0,100.0,0.0,0.0,35.53,5156.2840938568115,0.41,-51.666666666666664,N/A,N/A,3,3,0,2211,57.89,Manufacturer,0E:81:49:3E:D5:01,Discovery Worker,0,0,7236,0,0,87,0,54.9,Router adapter not providing Manufacturer,CRITICAL,Router Adapter,90
2026-07-29T06:44:06.102179+00:00,80c91599-1d03-4c45-b498-742eab104f7a,80c91599-1d03-4c45-b498-742eab104f7a,100.0,42.11,100.0,100.0,100.0,0.0,0.0,35.53,5116.408824920654,0.41,-51.666666666666664,N/A,N/A,3,3,0,2244,57.89,Manufacturer,0E:81:49:3E:D5:01,Discovery Worker,0,0,7236,0,0,87,0,54.9,Router adapter not providing Manufacturer,CRITICAL,Router Adapter,90
2026-07-29T06:44:12.347804+00:00,efbe737e-ab6f-4569-8ec1-8ed3b242a8eb,efbe737e-ab6f-4569-8ec1-8ed3b242a8eb,100.0,42.11,100.0,100.0,100.0,0.0,0.0,35.53,5238.492012023926,0.41,-51.0,N/A,N/A,3,3,0,2277,57.89,Manufacturer,0E:81:49:3E:D5:01,Discovery Worker,0,0,7236,0,0,87,0,54.9,Router adapter not providing Manufacturer,CRITICAL,Router Adapter,90
2026-07-29T06:44:18.492208+00:00,2cdd7b22-7414-4a6d-8eeb-ba83df8d1ee2,2cdd7b22-7414-4a6d-8eeb-ba83df8d1ee2,100.0,42.11,100.0,100.0,100.0,0.0,0.0,35.53,5143.61834526062,0.41,-52.333333333333336,N/A,N/A,3,3,0,2310,57.89,Manufacturer,0E:81:49:3E:D5:01,Discovery Worker,0,0,7236,0,0,87,0,54.9,Router adapter not providing Manufacturer,CRITICAL,Router Adapter,90
2026-07-29T06:44:24.635193+00:00,e6f429c4-5924-48dc-9548-ebb31a14f850,e6f429c4-5924-48dc-9548-ebb31a14f850,100.0,42.11,100.0,100.0,100.0,0.0,0.0,35.53,5142.245054244995,0.41,-51.333333333333336,N/A,N/A,3,3,0,2343,57.89,Manufacturer,0E:81:49:3E:D5:01,Discovery Worker,0,0,7236,0,0,87,0,54.9,Router adapter not providing Manufacturer,CRITICAL,Router Adapter,90
2026-07-29T06:44:30.802576+00:00,c6ee9aa8-2496-44ac-8053-38139bd9a279,c6ee9aa8-2496-44ac-8053-38139bd9a279,100.0,42.11,100.0,100.0,100.0,0.0,0.0,35.53,5161.673784255981,0.41,-51.666666666666664,N/A,N/A,3,3,0,2376,57.89,Manufacturer,0E:81:49:3E:D5:01,Discovery Worker,0,0,7236,0,0,87,0,54.9,Router adapter not providing Manufacturer,CRITICAL,Router Adapter,90
2026-07-29T06:44:37.044205+00:00,8958497d-d2c5-49ce-a4f9-3a64fe5709b5,8958497d-d2c5-49ce-a4f9-3a64fe5709b5,100.0,42.11,100.0,100.0,100.0,0.0,0.0,35.53,5240.229368209839,0.41,-51.666666666666664,N/A,N/A,3,3,0,2409,57.89,Manufacturer,0E:81:49:3E:D5:01,Discovery Worker,0,0,7236,0,0,87,0,54.9,Router adapter not providing Manufacturer,CRITICAL,Router Adapter,90
2026-07-29T06:44:43.269660+00:00,01b819cf-a4e7-46eb-9fdb-45d432993940,01b819cf-a4e7-46eb-9fdb-45d432993940,100.0,42.11,100.0,100.0,100.0,0.0,0.0,35.53,5224.98631477356,0.41,-51.333333333333336,N/A,N/A,3,3,0,2442,57.89,Manufacturer,0E:81:49:3E:D5:01,Discovery Worker,0,0,7236,0,0,87,0,54.9,Router adapter not providing Manufacturer,CRITICAL,Router Adapter,90
2026-07-29T06:44:49.523223+00:00,d3a1d823-5846-4da3-97a0-823e5c1bc242,d3a1d823-5846-4da3-97a0-823e5c1bc242,100.0,42.11,100.0,100.0,100.0,0.0,0.0,35.53,5252.190828323364,0.41,-51.0,N/A,N/A,3,3,0,2475,57.89,Manufacturer,0E:81:49:3E:D5:01,Discovery Worker,0,0,7236,0,0,87,0,54.9,Router adapter not providing Manufacturer,CRITICAL,Router Adapter,90
2026-07-29T06:44:55.668474+00:00,9f158328-8555-420a-93d1-8f75a22b3b50,9f158328-8555-420a-93d1-8f75a22b3b50,100.0,42.11,100.0,100.0,100.0,0.0,0.0,35.53,5145.307540893555,0.41,-51.333333333333336,N/A,N/A,3,3,0,2508,57.89,Manufacturer,0E:81:49:3E:D5:01,Discovery Worker,0,0,7236,0,0,87,0,54.9,Router adapter not providing Manufacturer,CRITICAL,Router Adapter,90
2026-07-29T06:45:01.821327+00:00,a3bd43a9-1164-4d28-a4a8-4deba31553d8,a3bd43a9-1164-4d28-a4a8-4deba31553d8,100.0,42.11,100.0,100.0,100.0,0.0,0.0,35.53,5151.961088180542,0.41,-51.666666666666664,N/A,N/A,3,3,0,2541,57.89,Manufacturer,0E:81:49:3E:D5:01,Discovery Worker,0,0,7236,0,0,87,0,54.9,Router adapter not providing Manufacturer,CRITICAL,Router Adapter,90
2026-07-29T06:45:08.000052+00:00,297cef02-9e00-426e-b913-7e3696658a58,297cef02-9e00-426e-b913-7e3696658a58,100.0,42.11,100.0,100.0,100.0,0.0,0.0,35.53,5178.211688995361,0.41,-51.666666666666664,N/A,N/A,3,3,0,2574,57.89,Manufacturer,0E:81:49:3E:D5:01,Discovery Worker,0,0,7236,0,0,87,0,54.9,Router adapter not providing Manufacturer,CRITICAL,Router Adapter,90
2026-07-29T06:45:14.192312+00:00,8d1349a4-d5e2-4889-b933-f47582edf973,8d1349a4-d5e2-4889-b933-f47582edf973,100.0,42.11,100.0,100.0,100.0,0.0,0.0,35.53,5191.261768341064,0.41,-51.333333333333336,N/A,N/A,3,3,0,2607,57.89,Manufacturer,0E:81:49:3E:D5:01,Discovery Worker,0,0,7236,0,0,87,0,54.9,Router adapter not providing Manufacturer,CRITICAL,Router Adapter,90
2026-07-29T06:45:20.340193+00:00,c5dbbfca-cb6d-455b-9ae5-914bcb3fb05b,c5dbbfca-cb6d-455b-9ae5-914bcb3fb05b,100.0,42.11,100.0,100.0,100.0,0.0,0.0,35.53,5147.132158279419,0.41,-51.666666666666664,N/A,N/A,3,3,0,2640,57.89,Manufacturer,0E:81:49:3E:D5:01,Discovery Worker,0,0,7236,0,0,87,0,54.9,Router adapter not providing Manufacturer,CRITICAL,Router Adapter,90
2026-07-29T06:45:26.482037+00:00,689c34a9-dce9-43b4-b223-4219584a986c,689c34a9-dce9-43b4-b223-4219584a986c,100.0,42.11,100.0,100.0,100.0,0.0,0.0,35.53,5141.70503616333,0.41,-51.333333333333336,N/A,N/A,3,3,0,2673,57.89,Manufacturer,0E:81:49:3E:D5:01,Discovery Worker,0,0,7236,0,0,87,0,54.9,Router adapter not providing Manufacturer,CRITICAL,Router Adapter,90
2026-07-29T06:45:32.669136+00:00,8ee3e8fd-178f-4a39-9cd4-8eed09019afc,8ee3e8fd-178f-4a39-9cd4-8eed09019afc,100.0,42.11,100.0,100.0,100.0,0.0,0.0,35.53,5187.077045440674,0.41,-51.333333333333336,N/A,N/A,3,3,0,2706,57.89,Manufacturer,0E:81:49:3E:D5:01,Discovery Worker,0,0,7236,0,0,87,0,54.9,Router adapter not providing Manufacturer,CRITICAL,Router Adapter,90
2026-07-29T06:45:38.874792+00:00,6839bbb4-25c3-4132-9288-32d1921cdcdb,6839bbb4-25c3-4132-9288-32d1921cdcdb,100.0,42.11,100.0,100.0,100.0,0.0,0.0,35.53,5205.140113830566,0.41,-50.666666666666664,N/A,N/A,3,3,0,2739,57.89,Manufacturer,0E:81:49:3E:D5:01,Discovery Worker,0,0,7236,0,0,87,0,54.9,Router adapter not providing Manufacturer,CRITICAL,Router Adapter,90
2026-07-29T06:45:45.022253+00:00,44f23307-efdb-41d2-83a3-0963d14028b1,44f23307-efdb-41d2-83a3-0963d14028b1,100.0,42.11,100.0,100.0,100.0,0.0,0.0,35.53,5146.349906921387,0.41,-50.0,N/A,N/A,3,3,0,2772,57.89,Manufacturer,0E:81:49:3E:D5:01,Discovery Worker,0,0,7236,0,0,87,0,54.9,Router adapter not providing Manufacturer,CRITICAL,Router Adapter,90
2026-07-29T06:45:51.159941+00:00,5a6d7c49-9d2e-42a7-a9d3-f84b5065cdbe,5a6d7c49-9d2e-42a7-a9d3-f84b5065cdbe,100.0,42.11,100.0,100.0,100.0,0.0,0.0,35.53,5137.012004852295,0.41,-50.0,N/A,N/A,3,3,0,2805,57.89,Manufacturer,0E:81:49:3E:D5:01,Discovery Worker,0,0,7236,0,0,87,0,54.9,Router adapter not providing Manufacturer,CRITICAL,Router Adapter,90
2026-07-29T06:45:57.408665+00:00,f493fcfc-d82b-4686-8086-8ae25331ee4e,f493fcfc-d82b-4686-8086-8ae25331ee4e,100.0,42.11,100.0,100.0,100.0,0.0,0.0,35.53,5248.29363822937,0.41,-50.666666666666664,N/A,N/A,3,3,0,2838,57.89,Manufacturer,0E:81:49:3E:D5:01,Discovery Worker,0,0,7236,0,0,87,0,54.9,Router adapter not providing Manufacturer,CRITICAL,Router Adapter,90
2026-07-29T06:46:03.545697+00:00,f524b171-80d0-4bbd-8577-f14560d0ead6,f524b171-80d0-4bbd-8577-f14560d0ead6,100.0,42.11,100.0,100.0,100.0,0.0,0.0,35.53,5136.082172393799,0.41,-50.0,N/A,N/A,3,3,0,2871,57.89,Manufacturer,0E:81:49:3E:D5:01,Discovery Worker,0,0,7236,0,0,87,0,54.9,Router adapter not providing Manufacturer,CRITICAL,Router Adapter,90
2026-07-29T06:46:09.697653+00:00,1376a83b-ee7b-4bd6-b8c6-65fbca49b9a9,1376a83b-ee7b-4bd6-b8c6-65fbca49b9a9,100.0,42.11,100.0,100.0,100.0,0.0,0.0,35.53,5151.387453079224,0.41,-51.666666666666664,N/A,N/A,3,3,0,2904,57.89,Manufacturer,0E:81:49:3E:D5:01,Discovery Worker,0,0,7236,0,0,87,0,54.9,Router adapter not providing Manufacturer,CRITICAL,Router Adapter,90
2026-07-29T06:46:15.968800+00:00,4934280f-0838-43b2-b9a6-3f957e6077f5,4934280f-0838-43b2-b9a6-3f957e6077f5,100.0,42.11,100.0,100.0,100.0,0.0,0.0,35.53,5269.80447769165,0.41,-51.0,N/A,N/A,3,3,0,2937,57.89,Manufacturer,0E:81:49:3E:D5:01,Discovery Worker,0,0,7236,0,0,87,0,54.9,Router adapter not providing Manufacturer,CRITICAL,Router Adapter,90
2026-07-29T06:46:22.394031+00:00,a6fa5e08-a20f-4a61-a9d2-f713c9379b32,a6fa5e08-a20f-4a61-a9d2-f713c9379b32,100.0,42.11,100.0,100.0,100.0,0.0,0.0,35.53,5424.220085144043,0.41,-50.0,N/A,N/A,3,3,0,2970,57.89,Manufacturer,0E:81:49:3E:D5:01,Discovery Worker,0,0,7236,0,0,87,0,54.9,Router adapter not providing Manufacturer,CRITICAL,Router Adapter,90
2026-07-29T06:46:28.532679+00:00,dd0b1c68-2a45-4297-9160-fab92be52420,dd0b1c68-2a45-4297-9160-fab92be52420,100.0,42.11,100.0,100.0,100.0,0.0,0.0,35.53,5137.656688690186,0.41,-50.0,N/A,N/A,3,3,0,3003,57.89,Manufacturer,0E:81:49:3E:D5:01,Discovery Worker,0,0,7236,0,0,87,0,54.9,Router adapter not providing Manufacturer,CRITICAL,Router Adapter,90
2026-07-29T06:46:34.644319+00:00,4d682e54-8ab5-46d3-800a-b1e27c94862e,4d682e54-8ab5-46d3-800a-b1e27c94862e,100.0,42.11,100.0,100.0,100.0,0.0,0.0,35.53,5111.210823059082,0.41,-50.666666666666664,N/A,N/A,3,3,0,3036,57.89,Manufacturer,0E:81:49:3E:D5:01,Discovery Worker,0,0,7236,0,0,87,0,54.9,Router adapter not providing Manufacturer,CRITICAL,Router Adapter,90
2026-07-29T06:46:40.824989+00:00,d11c1edd-21b8-483a-b877-5030590fb84c,d11c1edd-21b8-483a-b877-5030590fb84c,100.0,42.11,100.0,100.0,100.0,0.0,0.0,35.53,5180.685997009277,0.41,-51.0,N/A,N/A,3,3,0,3069,57.89,Manufacturer,0E:81:49:3E:D5:01,Discovery Worker,0,0,7236,0,0,87,0,54.9,Router adapter not providing Manufacturer,CRITICAL,Router Adapter,90
2026-07-29T06:46:47.010028+00:00,87ee1ef2-ac4a-434f-9535-e2fe3e291965,87ee1ef2-ac4a-434f-9535-e2fe3e291965,100.0,42.11,100.0,100.0,100.0,0.0,0.0,35.53,5183.956623077393,0.41,-51.666666666666664,N/A,N/A,3,3,0,3102,57.89,Manufacturer,0E:81:49:3E:D5:01,Discovery Worker,0,0,7236,0,0,87,0,54.9,Router adapter not providing Manufacturer,CRITICAL,Router Adapter,90
2026-07-29T06:46:53.109051+00:00,887f7faa-04eb-40e8-b9c1-f9a7cc8ff832,887f7faa-04eb-40e8-b9c1-f9a7cc8ff832,100.0,42.11,100.0,100.0,100.0,0.0,0.0,35.53,5098.393678665161,0.41,-51.0,N/A,N/A,3,3,0,3135,57.89,Manufacturer,0E:81:49:3E:D5:01,Discovery Worker,0,0,7236,0,0,87,0,54.9,Router adapter not providing Manufacturer,CRITICAL,Router Adapter,90
2026-07-29T06:46:59.226494+00:00,079ff7e2-8c14-441e-9bfd-9271b5beaaef,079ff7e2-8c14-441e-9bfd-9271b5beaaef,100.0,42.11,100.0,100.0,100.0,0.0,0.0,35.53,5116.658926010132,0.41,-50.0,N/A,N/A,3,3,0,3168,57.89,Manufacturer,0E:81:49:3E:D5:01,Discovery Worker,0,0,7236,0,0,87,0,54.9,Router adapter not providing Manufacturer,CRITICAL,Router Adapter,90
2026-07-29T06:47:05.509106+00:00,3e987f7f-c161-469f-be8b-e1ea539d550c,3e987f7f-c161-469f-be8b-e1ea539d550c,100.0,42.11,100.0,100.0,100.0,0.0,0.0,35.53,5281.414985656738,0.41,-50.0,N/A,N/A,3,3,0,3201,57.89,Manufacturer,0E:81:49:3E:D5:01,Discovery Worker,0,0,7236,0,0,87,0,54.9,Router adapter not providing Manufacturer,CRITICAL,Router Adapter,90
2026-07-29T06:47:11.847455+00:00,86a8410f-ce9d-4df7-88b2-0edf933357af,86a8410f-ce9d-4df7-88b2-0edf933357af,100.0,42.11,100.0,100.0,100.0,0.0,0.0,35.53,5338.329792022705,0.41,-51.0,N/A,N/A,3,3,0,3234,57.89,Manufacturer,0E:81:49:3E:D5:01,Discovery Worker,0,0,7236,0,0,87,0,54.9,Router adapter not providing Manufacturer,CRITICAL,Router Adapter,90
2026-07-29T06:47:17.995313+00:00,ad8cfca7-33d2-4bed-a702-3565ec1af7f2,ad8cfca7-33d2-4bed-a702-3565ec1af7f2,100.0,42.11,100.0,100.0,100.0,0.0,0.0,35.53,5146.830081939697,0.41,-50.666666666666664,N/A,N/A,3,3,0,3267,57.89,Manufacturer,0E:81:49:3E:D5:01,Discovery Worker,0,0,7236,0,0,87,0,54.9,Router adapter not providing Manufacturer,CRITICAL,Router Adapter,90
2026-07-29T06:47:24.138554+00:00,9be0a1f9-49af-4a40-9209-dd4b662bb22e,9be0a1f9-49af-4a40-9209-dd4b662bb22e,100.0,42.11,100.0,100.0,100.0,0.0,0.0,35.53,5142.373085021973,0.41,-50.666666666666664,N/A,N/A,3,3,0,3300,57.89,Manufacturer,0E:81:49:3E:D5:01,Discovery Worker,0,0,7236,0,0,87,0,54.9,Router adapter not providing Manufacturer,CRITICAL,Router Adapter,90
2026-07-29T06:47:30.285199+00:00,b159c056-778b-4928-87ed-7ca58b1c22b3,b159c056-778b-4928-87ed-7ca58b1c22b3,100.0,42.11,100.0,100.0,100.0,0.0,0.0,35.53,5145.225524902344,0.41,-50.666666666666664,N/A,N/A,3,3,0,3333,57.89,Manufacturer,0E:81:49:3E:D5:01,Discovery Worker,0,0,7236,0,0,87,0,54.9,Router adapter not providing Manufacturer,CRITICAL,Router Adapter,90
2026-07-29T06:47:36.386551+00:00,adecacf8-c527-4d0b-a4da-1ec0d91020ad,adecacf8-c527-4d0b-a4da-1ec0d91020ad,100.0,42.11,100.0,100.0,100.0,0.0,0.0,35.53,5100.930690765381,0.41,-50.0,N/A,N/A,3,3,0,3366,57.89,Manufacturer,0E:81:49:3E:D5:01,Discovery Worker,0,0,7236,0,0,87,0,54.9,Router adapter not providing Manufacturer,CRITICAL,Router Adapter,90
2026-07-29T06:47:42.769531+00:00,dddacc44-2f4c-452d-8fca-acbe1ee473c5,dddacc44-2f4c-452d-8fca-acbe1ee473c5,100.0,42.11,100.0,100.0,100.0,0.0,0.0,35.53,5381.701469421387,0.41,-51.333333333333336,N/A,N/A,3,3,0,3399,57.89,Manufacturer,0E:81:49:3E:D5:01,Discovery Worker,0,0,7236,0,0,87,0,54.9,Router adapter not providing Manufacturer,CRITICAL,Router Adapter,90
2026-07-29T06:47:48.931601+00:00,82196d50-e376-448c-99a1-f89ad1c74a6a,82196d50-e376-448c-99a1-f89ad1c74a6a,100.0,42.11,100.0,100.0,100.0,0.0,0.0,35.53,5160.76397895813,0.41,-51.0,N/A,N/A,3,3,0,3432,57.89,Manufacturer,0E:81:49:3E:D5:01,Discovery Worker,0,0,7236,0,0,87,0,54.9,Router adapter not providing Manufacturer,CRITICAL,Router Adapter,90
2026-07-29T06:47:55.160986+00:00,55ae5df4-cdf6-4da6-9694-1a414a392a57,55ae5df4-cdf6-4da6-9694-1a414a392a57,100.0,42.11,100.0,100.0,100.0,0.0,0.0,35.53,5227.993011474609,0.41,-51.333333333333336,N/A,N/A,3,3,0,3465,57.89,Manufacturer,0E:81:49:3E:D5:01,Discovery Worker,0,0,7236,0,0,87,0,54.9,Router adapter not providing Manufacturer,CRITICAL,Router Adapter,90
2026-07-29T06:48:01.323866+00:00,23fa1069-cd82-4d9a-919c-707def43df73,23fa1069-cd82-4d9a-919c-707def43df73,100.0,42.11,100.0,100.0,100.0,0.0,0.0,35.53,5162.752628326416,0.41,-50.666666666666664,N/A,N/A,3,3,0,3498,57.89,Manufacturer,0E:81:49:3E:D5:01,Discovery Worker,0,0,7236,0,0,87,0,54.9,Router adapter not providing Manufacturer,CRITICAL,Router Adapter,90
2026-07-29T06:48:07.445013+00:00,e2764def-edf9-4640-99c4-3debb60ef96f,e2764def-edf9-4640-99c4-3debb60ef96f,100.0,42.11,100.0,100.0,100.0,0.0,0.0,35.53,5120.394229888916,0.41,-51.333333333333336,N/A,N/A,3,3,0,3531,57.89,Manufacturer,0E:81:49:3E:D5:01,Discovery Worker,0,0,7236,0,0,87,0,54.9,Router adapter not providing Manufacturer,CRITICAL,Router Adapter,90
2026-07-29T06:48:13.534616+00:00,91917fe8-9c9b-46ca-8019-172223620eb9,91917fe8-9c9b-46ca-8019-172223620eb9,100.0,42.11,100.0,100.0,100.0,0.0,0.0,35.53,5089.084148406982,0.41,-51.0,N/A,N/A,3,3,0,3564,57.89,Manufacturer,0E:81:49:3E:D5:01,Discovery Worker,0,0,7236,0,0,87,0,54.9,Router adapter not providing Manufacturer,CRITICAL,Router Adapter,90
2026-07-29T06:48:19.637686+00:00,1f264ba1-bfb9-4fda-8099-39b3dceca0be,1f264ba1-bfb9-4fda-8099-39b3dceca0be,100.0,42.11,100.0,100.0,100.0,0.0,0.0,35.53,5102.613925933838,0.41,-52.333333333333336,N/A,N/A,3,3,0,3597,57.89,Manufacturer,0E:81:49:3E:D5:01,Discovery Worker,0,0,7236,0,0,87,0,54.9,Router adapter not providing Manufacturer,CRITICAL,Router Adapter,90
2026-07-29T06:48:25.908866+00:00,4b8cb234-6f5e-4547-a1bd-60154a734c7f,4b8cb234-6f5e-4547-a1bd-60154a734c7f,100.0,42.11,100.0,100.0,100.0,0.0,0.0,35.53,5270.599842071533,0.41,-51.0,N/A,N/A,3,3,0,3630,57.89,Manufacturer,0E:81:49:3E:D5:01,Discovery Worker,0,0,7236,0,0,87,0,54.9,Router adapter not providing Manufacturer,CRITICAL,Router Adapter,90
2026-07-29T06:48:32.013249+00:00,ad294c8b-995a-44fd-9b25-1f7006f613ed,ad294c8b-995a-44fd-9b25-1f7006f613ed,100.0,42.11,100.0,100.0,100.0,0.0,0.0,35.53,5103.708505630493,0.41,-51.333333333333336,N/A,N/A,3,3,0,3663,57.89,Manufacturer,0E:81:49:3E:D5:01,Discovery Worker,0,0,7236,0,0,87,0,54.9,Router adapter not providing Manufacturer,CRITICAL,Router Adapter,90
2026-07-29T06:48:38.113426+00:00,b9d1e941-2a13-4eef-ba32-0a1e5af705cf,b9d1e941-2a13-4eef-ba32-0a1e5af705cf,100.0,42.11,100.0,100.0,100.0,0.0,0.0,35.53,5100.366830825806,0.41,-50.666666666666664,N/A,N/A,3,3,0,3696,57.89,Manufacturer,0E:81:49:3E:D5:01,Discovery Worker,0,0,7236,0,0,87,0,54.9,Router adapter not providing Manufacturer,CRITICAL,Router Adapter,90
2026-07-29T06:48:44.213735+00:00,563d9aba-8e0e-4941-b241-7500b25beca1,563d9aba-8e0e-4941-b241-7500b25beca1,100.0,42.11,100.0,100.0,100.0,0.0,0.0,35.53,5099.181890487671,0.41,-51.0,N/A,N/A,3,3,0,3729,57.89,Manufacturer,0E:81:49:3E:D5:01,Discovery Worker,0,0,7236,0,0,87,0,54.9,Router adapter not providing Manufacturer,CRITICAL,Router Adapter,90
2026-07-29T06:48:50.591422+00:00,2a8f18db-5ed3-4a96-b298-981aa7c50512,2a8f18db-5ed3-4a96-b298-981aa7c50512,100.0,42.11,100.0,100.0,100.0,0.0,0.0,35.53,5354.003429412842,0.41,-51.333333333333336,N/A,N/A,3,3,0,3762,57.89,Manufacturer,0E:81:49:3E:D5:01,Discovery Worker,0,0,7236,0,0,87,0,54.9,Router adapter not providing Manufacturer,CRITICAL,Router Adapter,90
2026-07-29T06:48:56.701279+00:00,075450c1-4045-4d6d-b3fe-14969e177208,075450c1-4045-4d6d-b3fe-14969e177208,100.0,42.11,100.0,100.0,100.0,0.0,0.0,35.53,5108.315944671631,0.41,-54.0,N/A,N/A,3,3,0,3795,57.89,Manufacturer,0E:81:49:3E:D5:01,Discovery Worker,0,0,7236,0,0,87,0,54.9,Router adapter not providing Manufacturer,CRITICAL,Router Adapter,90
2026-07-29T06:49:02.869205+00:00,85a38be5-ec7d-49d0-9cfb-8f0b6ddb5da3,85a38be5-ec7d-49d0-9cfb-8f0b6ddb5da3,100.0,42.11,100.0,100.0,100.0,0.0,0.0,35.53,5167.745351791382,0.41,-52.666666666666664,N/A,N/A,3,3,0,3828,57.89,Manufacturer,0E:81:49:3E:D5:01,Discovery Worker,0,0,7236,0,0,87,0,54.9,Router adapter not providing Manufacturer,CRITICAL,Router Adapter,90
2026-07-29T06:49:08.979611+00:00,17c1846c-ac6b-4548-a053-3c55db9c7999,17c1846c-ac6b-4548-a053-3c55db9c7999,100.0,42.11,100.0,100.0,100.0,0.0,0.0,35.53,5110.332489013672,0.41,-53.0,N/A,N/A,3,3,0,3861,57.89,Manufacturer,0E:81:49:3E:D5:01,Discovery Worker,0,0,7236,0,0,87,0,54.9,Router adapter not providing Manufacturer,CRITICAL,Router Adapter,90
2026-07-29T06:49:15.087944+00:00,71f0db0a-97c9-4bd4-a749-9cd208d60d0b,71f0db0a-97c9-4bd4-a749-9cd208d60d0b,100.0,42.11,100.0,100.0,100.0,0.0,0.0,35.53,5107.227563858032,0.41,-53.0,N/A,N/A,3,3,0,3894,57.89,Manufacturer,0E:81:49:3E:D5:01,Discovery Worker,0,0,7236,0,0,87,0,54.9,Router adapter not providing Manufacturer,CRITICAL,Router Adapter,90
2026-07-29T06:49:21.193566+00:00,fd2b2a1b-0aee-4a7d-be90-bd9c8f6c5bc2,fd2b2a1b-0aee-4a7d-be90-bd9c8f6c5bc2,100.0,42.11,100.0,100.0,100.0,0.0,0.0,35.53,5105.105876922607,0.41,-51.0,N/A,N/A,3,3,0,3927,57.89,Manufacturer,0E:81:49:3E:D5:01,Discovery Worker,0,0,7236,0,0,87,0,54.9,Router adapter not providing Manufacturer,CRITICAL,Router Adapter,90
2026-07-29T06:49:27.423555+00:00,00e5ac5b-69fd-4848-9345-4ae90deb602a,00e5ac5b-69fd-4848-9345-4ae90deb602a,100.0,42.11,100.0,100.0,100.0,0.0,0.0,35.53,5228.964567184448,0.41,-51.666666666666664,N/A,N/A,3,3,0,3960,57.89,Manufacturer,0E:81:49:3E:D5:01,Discovery Worker,0,0,7236,0,0,87,0,54.9,Router adapter not providing Manufacturer,CRITICAL,Router Adapter,90
2026-07-29T06:49:33.958030+00:00,0b960532-91f5-43c7-9ecf-b94fc60925c9,0b960532-91f5-43c7-9ecf-b94fc60925c9,100.0,42.11,100.0,100.0,100.0,0.0,0.0,35.53,5533.771753311157,0.41,-52.333333333333336,N/A,N/A,3,3,0,3993,57.89,Manufacturer,0E:81:49:3E:D5:01,Discovery Worker,0,0,7236,0,0,87,0,54.9,Router adapter not providing Manufacturer,CRITICAL,Router Adapter,90
2026-07-29T06:49:40.044723+00:00,b3640833-f7fa-4b86-b5a3-c0e454701838,b3640833-f7fa-4b86-b5a3-c0e454701838,100.0,42.11,100.0,100.0,100.0,0.0,0.0,35.53,5086.251974105835,0.41,-51.333333333333336,N/A,N/A,3,3,0,4026,57.89,Manufacturer,0E:81:49:3E:D5:01,Discovery Worker,0,0,7236,0,0,87,0,54.9,Router adapter not providing Manufacturer,CRITICAL,Router Adapter,90
2026-07-29T06:49:46.139373+00:00,f36f55ba-d237-49f7-a7b1-ec04f2da4402,f36f55ba-d237-49f7-a7b1-ec04f2da4402,100.0,42.11,100.0,100.0,100.0,0.0,0.0,35.53,5093.8098430633545,0.41,-51.333333333333336,N/A,N/A,3,3,0,4059,57.89,Manufacturer,0E:81:49:3E:D5:01,Discovery Worker,0,0,7236,0,0,87,0,54.9,Router adapter not providing Manufacturer,CRITICAL,Router Adapter,90
2026-07-29T06:49:52.390362+00:00,c14a2aea-3827-4f97-a9c2-7c2864901365,c14a2aea-3827-4f97-a9c2-7c2864901365,100.0,42.11,100.0,100.0,100.0,0.0,0.0,35.53,5249.445199966431,0.41,-50.0,N/A,N/A,3,3,0,4092,57.89,Manufacturer,0E:81:49:3E:D5:01,Discovery Worker,0,0,7236,0,0,87,0,54.9,Router adapter not providing Manufacturer,CRITICAL,Router Adapter,90
2026-07-29T06:49:58.547776+00:00,25ae7e00-675f-461f-abc5-2b2aac4a55bb,25ae7e00-675f-461f-abc5-2b2aac4a55bb,100.0,42.11,100.0,100.0,100.0,0.0,0.0,35.53,5155.907154083252,0.41,-51.0,N/A,N/A,3,3,0,4125,57.89,Manufacturer,0E:81:49:3E:D5:01,Discovery Worker,0,0,7236,0,0,87,0,54.9,Router adapter not providing Manufacturer,CRITICAL,Router Adapter,90
2026-07-29T06:50:04.703301+00:00,1345b421-b8fa-46ae-b2b8-fc908c7a8f68,1345b421-b8fa-46ae-b2b8-fc908c7a8f68,100.0,42.11,100.0,100.0,100.0,0.0,0.0,35.53,5154.731750488281,0.41,-51.0,N/A,N/A,3,3,0,4158,57.89,Manufacturer,0E:81:49:3E:D5:01,Discovery Worker,0,0,7236,0,0,87,0,54.9,Router adapter not providing Manufacturer,CRITICAL,Router Adapter,90
2026-07-29T06:50:10.839971+00:00,b2d88dc0-4d17-4971-8aab-f1cc44ce99db,b2d88dc0-4d17-4971-8aab-f1cc44ce99db,100.0,42.11,100.0,100.0,100.0,0.0,0.0,35.53,5136.4850997924805,0.41,-51.0,N/A,N/A,3,3,0,4191,57.89,Manufacturer,0E:81:49:3E:D5:01,Discovery Worker,0,0,7236,0,0,87,0,54.9,Router adapter not providing Manufacturer,CRITICAL,Router Adapter,90
2026-07-29T06:50:16.961730+00:00,9dccc8e7-a26a-4f76-9867-3aed6dd6319e,9dccc8e7-a26a-4f76-9867-3aed6dd6319e,100.0,42.11,100.0,100.0,100.0,0.0,0.0,35.53,5113.014698028564,0.41,-50.666666666666664,N/A,N/A,3,3,0,4224,57.89,Manufacturer,0E:81:49:3E:D5:01,Discovery Worker,0,0,7236,0,0,87,0,54.9,Router adapter not providing Manufacturer,CRITICAL,Router Adapter,90
2026-07-29T06:50:23.058962+00:00,23982d6f-334d-4356-9a1b-68fa8c537a13,23982d6f-334d-4356-9a1b-68fa8c537a13,100.0,42.11,100.0,100.0,100.0,0.0,0.0,35.53,5095.909595489502,0.41,-50.666666666666664,N/A,N/A,3,3,0,4257,57.89,Manufacturer,0E:81:49:3E:D5:01,Discovery Worker,0,0,7236,0,0,87,0,54.9,Router adapter not providing Manufacturer,CRITICAL,Router Adapter,90
2026-07-29T06:50:29.162331+00:00,9163e544-3d6e-4d8a-a772-7282e43e8f55,9163e544-3d6e-4d8a-a772-7282e43e8f55,100.0,42.11,100.0,100.0,100.0,0.0,0.0,35.53,5101.696491241455,0.41,-51.333333333333336,N/A,N/A,3,3,0,4290,57.89,Manufacturer,0E:81:49:3E:D5:01,Discovery Worker,0,0,7236,0,0,87,0,54.9,Router adapter not providing Manufacturer,CRITICAL,Router Adapter,90
2026-07-29T06:50:35.331183+00:00,1049f453-b311-4825-8636-f62899828cee,1049f453-b311-4825-8636-f62899828cee,100.0,42.11,100.0,100.0,100.0,0.0,0.0,35.53,5162.443161010742,0.41,-50.666666666666664,N/A,N/A,3,3,0,4323,57.89,Manufacturer,0E:81:49:3E:D5:01,Discovery Worker,0,0,7236,0,0,87,0,54.9,Router adapter not providing Manufacturer,CRITICAL,Router Adapter,90
2026-07-29T06:50:41.528884+00:00,f3ec39ad-c0ab-48a0-92b3-96aa42542645,f3ec39ad-c0ab-48a0-92b3-96aa42542645,100.0,42.11,100.0,100.0,100.0,0.0,0.0,35.53,5196.819305419922,0.41,-51.0,N/A,N/A,3,3,0,4356,57.89,Manufacturer,0E:81:49:3E:D5:01,Discovery Worker,0,0,7236,0,0,87,0,54.9,Router adapter not providing Manufacturer,CRITICAL,Router Adapter,90
2026-07-29T06:50:47.703059+00:00,38b6cd8f-ca99-4f31-b7b6-dfaa16825d98,38b6cd8f-ca99-4f31-b7b6-dfaa16825d98,100.0,42.11,100.0,100.0,100.0,0.0,0.0,35.53,5173.3386516571045,0.41,-51.666666666666664,N/A,N/A,3,3,0,4389,57.89,Manufacturer,0E:81:49:3E:D5:01,Discovery Worker,0,0,7236,0,0,87,0,54.9,Router adapter not providing Manufacturer,CRITICAL,Router Adapter,90
2026-07-29T06:50:53.949376+00:00,e67c2ff7-7a5e-4b0f-b066-2251f8eaaca2,e67c2ff7-7a5e-4b0f-b066-2251f8eaaca2,100.0,42.11,100.0,100.0,100.0,0.0,0.0,35.53,5245.617866516113,0.41,-51.333333333333336,N/A,N/A,3,3,0,4422,57.89,Manufacturer,0E:81:49:3E:D5:01,Discovery Worker,0,0,7236,0,0,87,0,54.9,Router adapter not providing Manufacturer,CRITICAL,Router Adapter,90
2026-07-29T06:51:00.114832+00:00,18e66caa-8330-4638-922a-6ba526e8bbfb,18e66caa-8330-4638-922a-6ba526e8bbfb,100.0,42.11,100.0,100.0,100.0,0.0,0.0,35.53,5164.229154586792,0.41,-52.333333333333336,N/A,N/A,3,3,0,4455,57.89,Manufacturer,0E:81:49:3E:D5:01,Discovery Worker,0,0,7236,0,0,87,0,54.9,Router adapter not providing Manufacturer,CRITICAL,Router Adapter,90
2026-07-29T06:51:06.336582+00:00,20fd4564-9dd9-44a6-a7f9-f696976529a2,20fd4564-9dd9-44a6-a7f9-f696976529a2,100.0,42.11,100.0,100.0,100.0,0.0,0.0,35.53,5218.317985534668,0.41,-51.0,N/A,N/A,3,3,0,4488,57.89,Manufacturer,0E:81:49:3E:D5:01,Discovery Worker,0,0,7236,0,0,87,0,54.9,Router adapter not providing Manufacturer,CRITICAL,Router Adapter,90
2026-07-29T06:51:12.481262+00:00,68f97401-2388-415a-94d1-88599811349b,68f97401-2388-415a-94d1-88599811349b,100.0,42.11,100.0,100.0,100.0,0.0,0.0,35.53,5143.996953964233,0.41,-53.666666666666664,N/A,N/A,3,3,0,4521,57.89,Manufacturer,0E:81:49:3E:D5:01,Discovery Worker,0,0,7344,0,0,87,0,54.9,Router adapter not providing Manufacturer,CRITICAL,Router Adapter,90
2026-07-29T06:51:18.598974+00:00,01e01aae-ca31-4490-b272-09a4f306fdcd,01e01aae-ca31-4490-b272-09a4f306fdcd,100.0,42.11,100.0,100.0,100.0,0.0,0.0,35.53,5112.204790115356,0.41,-51.0,N/A,N/A,3,3,0,4554,57.89,Manufacturer,0E:81:49:3E:D5:01,Discovery Worker,0,0,7668,0,0,90,0,54.9,Router adapter not providing Manufacturer,CRITICAL,Router Adapter,90
2026-07-29T06:51:24.692981+00:00,d961401e-fedb-4112-9924-b2044141cfc3,d961401e-fedb-4112-9924-b2044141cfc3,100.0,42.11,100.0,100.0,100.0,0.0,0.0,35.53,5093.759775161743,0.41,-50.666666666666664,N/A,N/A,3,3,0,4587,57.89,Manufacturer,0E:81:49:3E:D5:01,Discovery Worker,0,0,7884,0,0,93,0,54.9,Router adapter not providing Manufacturer,CRITICAL,Router Adapter,90
2026-07-29T06:51:30.836176+00:00,31d9d5b7-26b4-42fb-89eb-ea1d474ecc2d,31d9d5b7-26b4-42fb-89eb-ea1d474ecc2d,100.0,42.11,100.0,100.0,100.0,0.0,0.0,35.53,5142.100811004639,0.41,-50.666666666666664,N/A,N/A,3,3,0,4620,57.89,Manufacturer,0E:81:49:3E:D5:01,Discovery Worker,0,0,8181,0,0,96,0,54.9,Router adapter not providing Manufacturer,CRITICAL,Router Adapter,90
2026-07-29T06:51:36.932567+00:00,2580ce87-f712-40f9-935c-c379812adc00,2580ce87-f712-40f9-935c-c379812adc00,100.0,42.11,100.0,100.0,100.0,0.0,0.0,35.53,5095.760107040405,0.41,-51.0,N/A,N/A,3,3,0,4653,57.89,Manufacturer,0E:81:49:3E:D5:01,Discovery Worker,0,0,8505,0,0,99,0,54.9,Router adapter not providing Manufacturer,CRITICAL,Router Adapter,90
2026-07-29T06:51:43.209745+00:00,25f50a57-ab2e-48c8-8415-ee5ce7112cd4,25f50a57-ab2e-48c8-8415-ee5ce7112cd4,100.0,42.11,100.0,100.0,100.0,0.0,0.0,35.53,5275.969982147217,0.41,-50.0,N/A,N/A,3,3,0,4686,57.89,Manufacturer,0E:81:49:3E:D5:01,Discovery Worker,0,0,8829,0,0,102,0,54.9,Router adapter not providing Manufacturer,CRITICAL,Router Adapter,90
2026-07-29T06:51:49.342048+00:00,5604e87a-653a-42c4-8dd0-658055eb9ff5,5604e87a-653a-42c4-8dd0-658055eb9ff5,100.0,42.11,100.0,100.0,100.0,0.0,0.0,35.53,5131.556749343872,0.41,-50.666666666666664,N/A,N/A,3,3,0,4719,57.89,Manufacturer,0E:81:49:3E:D5:01,Discovery Worker,0,0,9153,0,0,105,0,54.9,Router adapter not providing Manufacturer,CRITICAL,Router Adapter,90
2026-07-29T06:51:55.533029+00:00,e1db4086-33bd-4286-8a0b-b636fc9fc085,e1db4086-33bd-4286-8a0b-b636fc9fc085,100.0,42.11,100.0,100.0,100.0,0.0,0.0,35.53,5189.034223556519,0.41,-51.0,N/A,N/A,3,3,0,4752,57.89,Manufacturer,0E:81:49:3E:D5:01,Discovery Worker,0,0,9477,0,0,108,0,54.9,Router adapter not providing Manufacturer,CRITICAL,Router Adapter,90
2026-07-29T06:52:01.639336+00:00,4987fbdc-f05a-432d-8aa2-8b2094cdca84,4987fbdc-f05a-432d-8aa2-8b2094cdca84,100.0,42.11,100.0,100.0,100.0,0.0,0.0,35.53,5105.449438095093,0.4,-51.0,N/A,N/A,3,3,0,4785,57.89,Manufacturer,0E:81:49:3E:D5:01,Discovery Worker,0,0,9801,0,0,111,0,54.9,Router adapter not providing Manufacturer,CRITICAL,Router Adapter,90
2026-07-29T06:52:07.879869+00:00,bb2d0338-5fa9-46dc-b6d7-a0a340250069,bb2d0338-5fa9-46dc-b6d7-a0a340250069,100.0,42.11,100.0,100.0,100.0,0.0,0.0,35.53,5240.639448165894,0.4,-50.666666666666664,N/A,N/A,3,3,0,4818,57.89,Manufacturer,0E:81:49:3E:D5:01,Discovery Worker,0,0,10179,0,0,114,0,54.9,Router adapter not providing Manufacturer,CRITICAL,Router Adapter,90
2026-07-29T06:52:13.985593+00:00,796367d2-d05e-4443-beac-5b772af09f26,796367d2-d05e-4443-beac-5b772af09f26,100.0,42.11,100.0,100.0,100.0,0.0,0.0,35.53,5103.992462158203,0.4,-51.0,N/A,N/A,3,3,0,4851,57.89,Manufacturer,0E:81:49:3E:D5:01,Discovery Worker,0,0,10503,0,0,117,0,54.9,Router adapter not providing Manufacturer,CRITICAL,Router Adapter,90
2026-07-29T06:52:20.176383+00:00,8329e9f9-8968-476b-af18-3b4d4a9272ee,8329e9f9-8968-476b-af18-3b4d4a9272ee,100.0,42.11,100.0,100.0,100.0,0.0,0.0,35.53,5190.003156661987,0.4,-52.666666666666664,N/A,N/A,3,3,0,4884,57.89,Manufacturer,0E:81:49:3E:D5:01,Discovery Worker,0,0,10827,0,0,120,0,54.9,Router adapter not providing Manufacturer,CRITICAL,Router Adapter,90
2026-07-29T06:52:26.271288+00:00,561de59a-1fc4-47ab-a15c-13e186937cce,561de59a-1fc4-47ab-a15c-13e186937cce,100.0,42.11,100.0,100.0,100.0,0.0,0.0,35.53,5093.444108963013,0.4,-51.333333333333336,N/A,N/A,3,3,0,4917,57.89,Manufacturer,0E:81:49:3E:D5:01,Discovery Worker,0,0,11151,0,0,123,0,54.9,Router adapter not providing Manufacturer,CRITICAL,Router Adapter,90
2026-07-29T06:52:32.455726+00:00,406419e1-3ef4-45cb-ada7-eae34392e0c9,406419e1-3ef4-45cb-ada7-eae34392e0c9,100.0,42.11,100.0,100.0,100.0,0.0,0.0,35.53,5184.59415435791,0.4,-50.666666666666664,N/A,N/A,3,3,0,4950,57.89,Manufacturer,0E:81:49:3E:D5:01,Discovery Worker,0,0,11475,0,0,126,0,54.9,Router adapter not providing Manufacturer,CRITICAL,Router Adapter,90
2026-07-29T06:52:38.597234+00:00,0fd7f9db-b788-4dc2-be8e-b6cfef29c9cd,0fd7f9db-b788-4dc2-be8e-b6cfef29c9cd,100.0,42.11,100.0,100.0,100.0,0.0,0.0,35.53,5140.35701751709,0.4,-52.333333333333336,N/A,N/A,3,3,0,4983,57.89,Manufacturer,0E:81:49:3E:D5:01,Discovery Worker,0,0,11799,0,0,129,0,54.9,Router adapter not providing Manufacturer,CRITICAL,Router Adapter,90
2026-07-29T06:52:44.834911+00:00,debe09a7-0c1a-46a4-a175-7b21fb0fcdd1,debe09a7-0c1a-46a4-a175-7b21fb0fcdd1,100.0,42.11,100.0,100.0,100.0,0.0,0.0,35.53,5237.852573394775,0.4,-51.666666666666664,N/A,N/A,3,3,0,5016,57.89,Manufacturer,0E:81:49:3E:D5:01,Discovery Worker,0,0,12123,0,0,132,0,54.9,Router adapter not providing Manufacturer,CRITICAL,Router Adapter,90
2026-07-29T06:52:50.986469+00:00,cefb5b9a-9c71-4741-bc33-eeb7e0e2ce14,cefb5b9a-9c71-4741-bc33-eeb7e0e2ce14,100.0,42.11,100.0,100.0,100.0,0.0,0.0,35.53,5151.003837585449,0.4,-53.0,N/A,N/A,3,3,0,5049,57.89,Manufacturer,0E:81:49:3E:D5:01,Discovery Worker,0,0,12501,0,0,135,0,54.9,Router adapter not providing Manufacturer,CRITICAL,Router Adapter,90
2026-07-29T06:52:57.086357+00:00,d42de9b3-2e53-494f-a701-1c1f4e3badd8,d42de9b3-2e53-494f-a701-1c1f4e3badd8,100.0,42.11,100.0,100.0,100.0,0.0,0.0,35.53,5098.896265029907,0.4,-52.333333333333336,N/A,N/A,3,3,0,5082,57.89,Manufacturer,0E:81:49:3E:D5:01,Discovery Worker,0,0,12825,0,0,138,0,54.9,Router adapter not providing Manufacturer,CRITICAL,Router Adapter,90
2026-07-29T06:53:03.182445+00:00,b291ba42-11fb-4157-97d1-37a341debe23,b291ba42-11fb-4157-97d1-37a341debe23,100.0,42.11,100.0,100.0,100.0,0.0,0.0,35.53,5094.996929168701,0.4,-52.333333333333336,N/A,N/A,3,3,0,5115,57.89,Manufacturer,0E:81:49:3E:D5:01,Discovery Worker,0,0,13149,0,0,141,0,54.9,Router adapter not providing Manufacturer,CRITICAL,Router Adapter,90
2026-07-29T06:53:09.340536+00:00,c9d3e214-167b-436e-a185-eee3c8bddf10,c9d3e214-167b-436e-a185-eee3c8bddf10,100.0,42.11,100.0,100.0,100.0,0.0,0.0,35.53,5156.819105148315,0.4,-51.666666666666664,N/A,N/A,3,3,0,5148,57.89,Manufacturer,0E:81:49:3E:D5:01,Discovery Worker,0,0,13473,0,0,144,0,54.9,Router adapter not providing Manufacturer,CRITICAL,Router Adapter,90
2026-07-29T06:53:15.437976+00:00,6ec6542b-4327-4201-a43f-16aa43ee055c,6ec6542b-4327-4201-a43f-16aa43ee055c,100.0,42.11,100.0,100.0,100.0,0.0,0.0,35.53,5096.394777297974,0.4,-51.666666666666664,N/A,N/A,3,3,0,5181,57.89,Manufacturer,0E:81:49:3E:D5:01,Discovery Worker,0,0,13797,0,0,147,0,54.9,Router adapter not providing Manufacturer,CRITICAL,Router Adapter,90
2026-07-29T06:53:21.566487+00:00,d71280ef-3d15-470c-b9e4-757418d56f37,d71280ef-3d15-470c-b9e4-757418d56f37,100.0,42.11,100.0,100.0,100.0,0.0,0.0,35.53,5117.985010147095,0.4,-51.666666666666664,N/A,N/A,3,3,0,5214,57.89,Manufacturer,0E:81:49:3E:D5:01,Discovery Worker,0,0,13851,0,0,150,0,54.9,Router adapter not providing Manufacturer,CRITICAL,Router Adapter,90
2026-07-29T06:53:27.665005+00:00,207dea94-5f71-4e89-9ca7-372cc22c5e80,207dea94-5f71-4e89-9ca7-372cc22c5e80,100.0,42.11,100.0,100.0,100.0,0.0,0.0,35.53,5097.6972579956055,0.4,-51.0,N/A,N/A,3,3,0,5247,57.89,Manufacturer,0E:81:49:3E:D5:01,Discovery Worker,0,0,13851,0,0,153,0,54.9,Router adapter not providing Manufacturer,CRITICAL,Router Adapter,90
2026-07-29T06:53:33.788149+00:00,4c846c3d-6599-4af2-8b7d-ab402aa6a15e,4c846c3d-6599-4af2-8b7d-ab402aa6a15e,100.0,42.11,100.0,100.0,100.0,0.0,0.0,35.53,5122.690439224243,0.4,-50.666666666666664,N/A,N/A,3,3,0,5280,57.89,Manufacturer,0E:81:49:3E:D5:01,Discovery Worker,0,0,13851,0,0,156,0,54.9,Router adapter not providing Manufacturer,CRITICAL,Router Adapter,90
2026-07-29T06:53:40.049278+00:00,09ec62d3-f12f-46c8-8b40-337f030f301f,09ec62d3-f12f-46c8-8b40-337f030f301f,100.0,42.11,100.0,100.0,100.0,0.0,0.0,35.53,5260.310411453247,0.4,-50.0,N/A,N/A,3,3,0,5313,57.89,Manufacturer,0E:81:49:3E:D5:01,Discovery Worker,0,0,13905,0,0,159,0,54.9,Router adapter not providing Manufacturer,CRITICAL,Router Adapter,90
2026-07-29T06:53:46.293081+00:00,e50ea0e7-79ad-4042-a676-b447147397b6,e50ea0e7-79ad-4042-a676-b447147397b6,100.0,42.11,100.0,100.0,100.0,0.0,0.0,35.53,5243.5901165008545,0.4,-51.0,N/A,N/A,3,3,0,5346,57.89,Manufacturer,0E:81:49:3E:D5:01,Discovery Worker,0,0,13905,0,0,162,0,54.9,Router adapter not providing Manufacturer,CRITICAL,Router Adapter,90
2026-07-29T06:53:52.752093+00:00,1c86bb4d-28a7-438e-b8f8-a147b44a103c,1c86bb4d-28a7-438e-b8f8-a147b44a103c,100.0,42.11,100.0,100.0,100.0,0.0,0.0,35.53,5436.037063598633,0.4,-51.333333333333336,N/A,N/A,3,3,0,5379,57.89,Manufacturer,0E:81:49:3E:D5:01,Discovery Worker,0,0,13905,0,0,165,0,54.9,Router adapter not providing Manufacturer,CRITICAL,Router Adapter,90
2026-07-29T06:53:58.904578+00:00,8d6f3fd8-127a-42fc-ba0c-fb04a25c95b9,8d6f3fd8-127a-42fc-ba0c-fb04a25c95b9,100.0,42.11,100.0,100.0,100.0,0.0,0.0,35.53,5151.392936706543,0.4,-51.333333333333336,N/A,N/A,3,3,0,5412,57.89,Manufacturer,0E:81:49:3E:D5:01,Discovery Worker,0,0,13905,0,0,168,0,54.9,Router adapter not providing Manufacturer,CRITICAL,Router Adapter,90
2026-07-29T06:54:05.339820+00:00,83313c39-398f-46d5-b17a-8e59a2cf92ba,83313c39-398f-46d5-b17a-8e59a2cf92ba,100.0,42.11,100.0,100.0,100.0,0.0,0.0,35.53,5434.2803955078125,0.4,-50.666666666666664,N/A,N/A,3,3,0,5445,57.89,Manufacturer,0E:81:49:3E:D5:01,Discovery Worker,0,0,13905,0,0,171,0,54.9,Router adapter not providing Manufacturer,CRITICAL,Router Adapter,90
2026-07-29T06:54:11.579930+00:00,b7ec13c7-8222-4784-9f26-f9dc83d41906,b7ec13c7-8222-4784-9f26-f9dc83d41906,100.0,42.11,100.0,100.0,100.0,0.0,0.0,35.53,5239.364147186279,0.4,-51.0,N/A,N/A,3,3,0,5478,57.89,Manufacturer,0E:81:49:3E:D5:01,Discovery Worker,0,0,13905,0,0,174,0,54.9,Router adapter not providing Manufacturer,CRITICAL,Router Adapter,90
2026-07-29T06:54:17.810493+00:00,810db591-db40-4e23-af55-27e1b71f33b0,810db591-db40-4e23-af55-27e1b71f33b0,100.0,42.11,100.0,100.0,100.0,0.0,0.0,35.53,5229.940176010132,0.4,-51.0,N/A,N/A,3,3,0,5511,57.89,Manufacturer,0E:81:49:3E:D5:01,Discovery Worker,0,0,13905,0,0,177,0,54.9,Router adapter not providing Manufacturer,CRITICAL,Router Adapter,90
2026-07-29T06:54:23.909300+00:00,279a75e5-319f-4205-9eae-136030fe2625,279a75e5-319f-4205-9eae-136030fe2625,100.0,42.11,100.0,100.0,100.0,0.0,0.0,35.53,5097.267150878906,0.4,-51.333333333333336,N/A,N/A,3,3,0,5544,57.89,Manufacturer,0E:81:49:3E:D5:01,Discovery Worker,0,0,13905,0,0,180,0,54.9,Router adapter not providing Manufacturer,CRITICAL,Router Adapter,90
2026-07-29T06:54:30.184479+00:00,0463d437-bb0a-4912-98f8-8587966c6dfa,0463d437-bb0a-4912-98f8-8587966c6dfa,100.0,42.11,100.0,100.0,100.0,0.0,0.0,35.53,5243.240118026733,0.4,-51.333333333333336,N/A,N/A,3,3,0,5577,57.89,Manufacturer,0E:81:49:3E:D5:01,Discovery Worker,0,0,13905,0,0,183,0,54.9,Router adapter not providing Manufacturer,CRITICAL,Router Adapter,90
2026-07-29T06:54:36.460101+00:00,557612a8-abe7-4c8e-80ab-36495542f37f,557612a8-abe7-4c8e-80ab-36495542f37f,100.0,42.11,100.0,100.0,100.0,0.0,0.0,35.53,5274.39546585083,0.4,-52.333333333333336,N/A,N/A,3,3,0,5610,57.89,Manufacturer,0E:81:49:3E:D5:01,Discovery Worker,0,0,13905,0,0,186,0,54.9,Router adapter not providing Manufacturer,CRITICAL,Router Adapter,90
2026-07-29T06:54:42.716755+00:00,54e585d1-45d6-4107-ad47-134180da9ad1,54e585d1-45d6-4107-ad47-134180da9ad1,100.0,42.11,100.0,100.0,100.0,0.0,0.0,35.53,5255.064010620117,0.4,-51.0,N/A,N/A,3,3,0,5643,57.89,Manufacturer,0E:81:49:3E:D5:01,Discovery Worker,0,0,13959,0,0,189,0,54.9,Router adapter not providing Manufacturer,CRITICAL,Router Adapter,90
2026-07-29T06:54:48.826195+00:00,9fdf68b3-76d7-40aa-95d4-26024727bb5b,9fdf68b3-76d7-40aa-95d4-26024727bb5b,100.0,42.11,100.0,100.0,100.0,0.0,0.0,35.53,5107.053279876709,0.4,-51.333333333333336,N/A,N/A,3,3,0,5676,57.89,Manufacturer,0E:81:49:3E:D5:01,Discovery Worker,0,0,13959,0,0,192,0,54.9,Router adapter not providing Manufacturer,CRITICAL,Router Adapter,90
2026-07-29T06:54:55.200922+00:00,41692ab1-8bb9-4442-80b8-a6144d983966,41692ab1-8bb9-4442-80b8-a6144d983966,100.0,42.11,100.0,100.0,100.0,0.0,0.0,35.53,5373.445510864258,0.4,-50.0,N/A,N/A,3,3,0,5709,57.89,Manufacturer,0E:81:49:3E:D5:01,Discovery Worker,0,0,13959,0,0,195,0,54.9,Router adapter not providing Manufacturer,CRITICAL,Router Adapter,90
2026-07-29T06:55:01.327250+00:00,43ed8c19-7a6c-423c-a663-ab40f0f16eef,43ed8c19-7a6c-423c-a663-ab40f0f16eef,100.0,42.11,100.0,100.0,100.0,0.0,0.0,35.53,5124.663829803467,0.4,-50.666666666666664,N/A,N/A,3,3,0,5742,57.89,Manufacturer,0E:81:49:3E:D5:01,Discovery Worker,0,0,13959,0,0,198,0,54.9,Router adapter not providing Manufacturer,CRITICAL,Router Adapter,90
2026-07-29T06:55:07.431190+00:00,d870efb0-64f9-4d26-ae3a-752dd103b3cd,d870efb0-64f9-4d26-ae3a-752dd103b3cd,100.0,42.11,100.0,100.0,100.0,0.0,0.0,35.53,5103.765249252319,0.4,-51.0,N/A,N/A,3,3,0,5775,57.89,Manufacturer,0E:81:49:3E:D5:01,Discovery Worker,0,0,13959,0,0,201,0,54.9,Router adapter not providing Manufacturer,CRITICAL,Router Adapter,90
2026-07-29T06:55:13.678575+00:00,bbc19f50-56dd-46ed-a92a-5859f543ee6a,bbc19f50-56dd-46ed-a92a-5859f543ee6a,100.0,42.11,100.0,100.0,100.0,0.0,0.0,35.53,5246.007442474365,0.4,-51.666666666666664,N/A,N/A,3,3,0,5808,57.89,Manufacturer,0E:81:49:3E:D5:01,Discovery Worker,0,0,13959,0,0,204,0,54.9,Router adapter not providing Manufacturer,CRITICAL,Router Adapter,90
2026-07-29T06:55:19.777093+00:00,53f6022b-c7df-4024-a12c-3c700114c130,53f6022b-c7df-4024-a12c-3c700114c130,100.0,42.11,100.0,100.0,100.0,0.0,0.0,35.53,5096.281051635742,0.4,-50.0,N/A,N/A,3,3,0,5841,57.89,Manufacturer,0E:81:49:3E:D5:01,Discovery Worker,0,0,13959,0,0,207,0,54.9,Router adapter not providing Manufacturer,CRITICAL,Router Adapter,90
2026-07-29T06:55:25.927667+00:00,ebd2a48a-54ad-4ef4-8196-080ac7858db0,ebd2a48a-54ad-4ef4-8196-080ac7858db0,100.0,42.11,100.0,100.0,100.0,0.0,0.0,35.53,5149.2555141448975,0.4,-50.0,N/A,N/A,3,3,0,5874,57.89,Manufacturer,0E:81:49:3E:D5:01,Discovery Worker,0,0,13959,0,0,210,0,54.9,Router adapter not providing Manufacturer,CRITICAL,Router Adapter,90
2026-07-29T06:55:32.264776+00:00,c0bfe96a-33b9-4f57-854d-e9fb7b3d5495,c0bfe96a-33b9-4f57-854d-e9fb7b3d5495,100.0,42.11,100.0,100.0,100.0,0.0,0.0,35.53,5309.258222579956,0.4,-50.666666666666664,N/A,N/A,3,3,0,5907,57.89,Manufacturer,0E:81:49:3E:D5:01,Discovery Worker,0,0,13959,0,0,213,0,54.9,Router adapter not providing Manufacturer,CRITICAL,Router Adapter,90
2026-07-29T06:55:38.516340+00:00,e984c0df-6d27-484a-bcbd-c00105389ce0,e984c0df-6d27-484a-bcbd-c00105389ce0,100.0,42.11,100.0,100.0,100.0,0.0,0.0,35.53,5250.305414199829,0.4,-50.666666666666664,N/A,N/A,3,3,0,5940,57.89,Manufacturer,0E:81:49:3E:D5:01,Discovery Worker,0,0,14013,0,0,216,0,54.9,Router adapter not providing Manufacturer,CRITICAL,Router Adapter,90
2026-07-29T06:55:44.677158+00:00,d1dd3ead-8b2e-4d3a-a8d6-3fc955e127cb,d1dd3ead-8b2e-4d3a-a8d6-3fc955e127cb,100.0,42.11,100.0,100.0,100.0,0.0,0.0,35.53,5159.381628036499,0.4,-50.0,N/A,N/A,3,3,0,5973,57.89,Manufacturer,0E:81:49:3E:D5:01,Discovery Worker,0,0,14013,0,0,219,0,54.9,Router adapter not providing Manufacturer,CRITICAL,Router Adapter,90
2026-07-29T06:55:50.875884+00:00,b468846e-75bd-40c5-8b20-a7354dd454c3,b468846e-75bd-40c5-8b20-a7354dd454c3,100.0,42.11,100.0,100.0,100.0,0.0,0.0,35.53,5193.402290344238,0.4,-51.333333333333336,N/A,N/A,3,3,0,6006,57.89,Manufacturer,0E:81:49:3E:D5:01,Discovery Worker,0,0,14256,0,0,222,0,54.9,Router adapter not providing Manufacturer,CRITICAL,Router Adapter,90
2026-07-29T06:55:57.069488+00:00,4b41b46f-2b41-4eb4-abaa-ed21d8a93944,4b41b46f-2b41-4eb4-abaa-ed21d8a93944,100.0,42.11,100.0,100.0,100.0,0.0,0.0,35.53,5171.408414840698,0.41,-51.0,N/A,N/A,3,3,0,6039,57.89,Manufacturer,0E:81:49:3E:D5:01,Discovery Worker,0,0,14472,0,0,225,0,54.9,Router adapter not providing Manufacturer,CRITICAL,Router Adapter,90
2026-07-29T06:56:03.339104+00:00,33317650-20be-414c-861d-fa1c76a3f23e,33317650-20be-414c-861d-fa1c76a3f23e,100.0,42.11,100.0,100.0,100.0,0.0,0.0,35.53,5267.52495765686,0.41,-50.0,N/A,N/A,3,3,0,6072,57.89,Manufacturer,0E:81:49:3E:D5:01,Discovery Worker,0,0,14634,0,0,228,0,54.9,Router adapter not providing Manufacturer,CRITICAL,Router Adapter,90
2026-07-29T06:56:09.556495+00:00,8a0deda9-1abf-4f7b-b3d3-1c0aaee8d7a8,8a0deda9-1abf-4f7b-b3d3-1c0aaee8d7a8,100.0,42.11,100.0,100.0,100.0,0.0,0.0,35.53,5216.447114944458,0.42,-50.666666666666664,N/A,N/A,3,3,0,6105,57.89,Manufacturer,0E:81:49:3E:D5:01,Discovery Worker,0,0,15012,0,0,231,0,54.9,Router adapter not providing Manufacturer,CRITICAL,Router Adapter,90
2026-07-29T06:56:15.992866+00:00,f7db9156-fd47-456f-bb00-e590deeb3b5f,f7db9156-fd47-456f-bb00-e590deeb3b5f,100.0,42.11,100.0,100.0,100.0,0.0,0.0,35.53,5396.22950553894,0.42,-51.0,N/A,N/A,3,3,0,6138,57.89,Manufacturer,0E:81:49:3E:D5:01,Discovery Worker,0,0,15336,0,0,234,0,54.9,Router adapter not providing Manufacturer,CRITICAL,Router Adapter,90
2026-07-29T06:56:22.229322+00:00,926b1a14-5604-4a5a-b254-eaa7757caa99,926b1a14-5604-4a5a-b254-eaa7757caa99,100.0,42.11,100.0,100.0,100.0,0.0,0.0,35.53,5234.1649532318115,0.42,-51.0,N/A,N/A,3,3,0,6171,57.89,Manufacturer,0E:81:49:3E:D5:01,Discovery Worker,0,0,15660,0,0,237,0,54.9,Router adapter not providing Manufacturer,CRITICAL,Router Adapter,90
2026-07-29T06:56:30.810120+00:00,1ea04a43-77f6-4148-b214-cafafa81b1b2,1ea04a43-77f6-4148-b214-cafafa81b1b2,100.0,42.11,100.0,100.0,100.0,0.0,0.0,35.53,6826.312303543091,0.48,-51.666666666666664,N/A,N/A,3,3,0,6204,57.89,Manufacturer,0E:81:49:3E:D5:01,Discovery Worker,0,0,15930,0,0,240,0,54.9,Router adapter not providing Manufacturer,CRITICAL,Router Adapter,90
2026-07-29T06:56:37.885092+00:00,4641e69d-03d1-4377-98c9-8ddf05d451cb,4641e69d-03d1-4377-98c9-8ddf05d451cb,100.0,42.11,100.0,100.0,100.0,0.0,0.0,35.53,5933.475017547607,0.49,-54.333333333333336,N/A,N/A,3,3,0,6237,57.89,Manufacturer,0E:81:49:3E:D5:01,Discovery Worker,0,0,15957,0,0,243,0,54.9,Router adapter not providing Manufacturer,CRITICAL,Router Adapter,90
2026-07-29T06:56:52.496250+00:00,3eeedb87-d1e7-40a8-abeb-827d01657b05,3eeedb87-d1e7-40a8-abeb-827d01657b05,100.0,42.11,100.0,100.0,100.0,0.0,0.0,35.53,12795.039176940918,0.49,-54.0,N/A,N/A,3,3,0,6270,57.89,Manufacturer,0E:81:49:3E:D5:01,Discovery Worker,0,0,15984,0,0,246,0,54.9,Router adapter not providing Manufacturer,CRITICAL,Router Adapter,90
